# flow vol (m^3/h),Li (kg/m^3),solar radiation (mJ/m^2),land cost,liner thickness (mm),area,capex
1.000000e+02,5.000000e-01,1.000000e+01,3.000000e+03,5.000000e+01,1.051474e+06,6.625942e+10
1.000000e+02,5.000000e-01,1.000000e+01,3.000000e+03,5.333333e+01,1.051474e+06,6.923310e+10
1.000000e+02,5.000000e-01,1.000000e+01,3.000000e+03,5.666667e+01,1.051474e+06,7.220678e+10
1.000000e+02,5.000000e-01,1.000000e+01,3.000000e+03,6.000000e+01,1.051474e+06,7.518047e+10
1.000000e+02,5.000000e-01,1.000000e+01,4.333333e+03,5.000000e+01,1.051474e+06,6.899648e+10
1.000000e+02,5.000000e-01,1.000000e+01,4.333333e+03,5.333333e+01,1.051474e+06,7.197017e+10
1.000000e+02,5.000000e-01,1.000000e+01,4.333333e+03,5.666667e+01,1.051474e+06,7.494385e+10
1.000000e+02,5.000000e-01,1.000000e+01,4.333333e+03,6.000000e+01,1.051474e+06,7.791753e+10
1.000000e+02,5.000000e-01,1.000000e+01,5.666667e+03,5.000000e+01,1.051474e+06,7.173355e+10
1.000000e+02,5.000000e-01,1.000000e+01,5.666667e+03,5.333333e+01,1.051474e+06,7.470723e+10
1.000000e+02,5.000000e-01,1.000000e+01,5.666667e+03,5.666667e+01,1.051474e+06,7.768092e+10
1.000000e+02,5.000000e-01,1.000000e+01,5.666667e+03,6.000000e+01,1.051474e+06,8.065460e+10
1.000000e+02,5.000000e-01,1.000000e+01,7.000000e+03,5.000000e+01,1.051474e+06,7.447062e+10
1.000000e+02,5.000000e-01,1.000000e+01,7.000000e+03,5.333333e+01,1.051474e+06,7.744430e+10
1.000000e+02,5.000000e-01,1.000000e+01,7.000000e+03,5.666667e+01,1.051474e+06,8.041799e+10
1.000000e+02,5.000000e-01,1.000000e+01,7.000000e+03,6.000000e+01,1.051474e+06,8.339167e+10
1.000000e+02,5.000000e-01,1.666667e+01,3.000000e+03,5.000000e+01,6.308843e+05,3.976962e+10
1.000000e+02,5.000000e-01,1.666667e+01,3.000000e+03,5.333333e+01,6.308843e+05,4.155446e+10
1.000000e+02,5.000000e-01,1.666667e+01,3.000000e+03,5.666667e+01,6.308843e+05,4.333930e+10
1.000000e+02,5.000000e-01,1.666667e+01,3.000000e+03,6.000000e+01,6.308843e+05,4.512413e+10
1.000000e+02,5.000000e-01,1.666667e+01,4.333333e+03,5.000000e+01,6.308843e+05,4.141244e+10
1.000000e+02,5.000000e-01,1.666667e+01,4.333333e+03,5.333333e+01,6.308843e+05,4.319728e+10
1.000000e+02,5.000000e-01,1.666667e+01,4.333333e+03,5.666667e+01,6.308843e+05,4.498211e+10
1.000000e+02,5.000000e-01,1.666667e+01,4.333333e+03,6.000000e+01,6.308843e+05,4.676695e+10
1.000000e+02,5.000000e-01,1.666667e+01,5.666667e+03,5.000000e+01,6.308843e+05,4.305526e+10
1.000000e+02,5.000000e-01,1.666667e+01,5.666667e+03,5.333333e+01,6.308843e+05,4.484009e+10
1.000000e+02,5.000000e-01,1.666667e+01,5.666667e+03,5.666667e+01,6.308843e+05,4.662493e+10
1.000000e+02,5.000000e-01,1.666667e+01,5.666667e+03,6.000000e+01,6.308843e+05,4.840977e+10
1.000000e+02,5.000000e-01,1.666667e+01,7.000000e+03,5.000000e+01,6.308843e+05,4.469808e+10
1.000000e+02,5.000000e-01,1.666667e+01,7.000000e+03,5.333333e+01,6.308843e+05,4.648291e+10
1.000000e+02,5.000000e-01,1.666667e+01,7.000000e+03,5.666667e+01,6.308843e+05,4.826775e+10
1.000000e+02,5.000000e-01,1.666667e+01,7.000000e+03,6.000000e+01,6.308843e+05,5.005259e+10
1.000000e+02,5.000000e-01,2.333333e+01,3.000000e+03,5.000000e+01,4.506317e+05,2.841499e+10
1.000000e+02,5.000000e-01,2.333333e+01,3.000000e+03,5.333333e+01,4.506317e+05,2.969023e+10
1.000000e+02,5.000000e-01,2.333333e+01,3.000000e+03,5.666667e+01,4.506317e+05,3.096548e+10
1.000000e+02,5.000000e-01,2.333333e+01,3.000000e+03,6.000000e+01,4.506317e+05,3.224073e+10
1.000000e+02,5.000000e-01,2.333333e+01,4.333333e+03,5.000000e+01,4.506317e+05,2.958876e+10
1.000000e+02,5.000000e-01,2.333333e+01,4.333333e+03,5.333333e+01,4.506317e+05,3.086401e+10
1.000000e+02,5.000000e-01,2.333333e+01,4.333333e+03,5.666667e+01,4.506317e+05,3.213926e+10
1.000000e+02,5.000000e-01,2.333333e+01,4.333333e+03,6.000000e+01,4.506317e+05,3.341450e+10
1.000000e+02,5.000000e-01,2.333333e+01,5.666667e+03,5.000000e+01,4.506317e+05,3.076254e+10
1.000000e+02,5.000000e-01,2.333333e+01,5.666667e+03,5.333333e+01,4.506317e+05,3.203779e+10
1.000000e+02,5.000000e-01,2.333333e+01,5.666667e+03,5.666667e+01,4.506317e+05,3.331303e+10
1.000000e+02,5.000000e-01,2.333333e+01,5.666667e+03,6.000000e+01,4.506317e+05,3.458828e+10
1.000000e+02,5.000000e-01,2.333333e+01,7.000000e+03,5.000000e+01,4.506317e+05,3.193631e+10
1.000000e+02,5.000000e-01,2.333333e+01,7.000000e+03,5.333333e+01,4.506317e+05,3.321156e+10
1.000000e+02,5.000000e-01,2.333333e+01,7.000000e+03,5.666667e+01,4.506317e+05,3.448681e+10
1.000000e+02,5.000000e-01,2.333333e+01,7.000000e+03,6.000000e+01,4.506317e+05,3.576206e+10
1.000000e+02,5.000000e-01,3.000000e+01,3.000000e+03,5.000000e+01,3.504913e+05,2.210600e+10
1.000000e+02,5.000000e-01,3.000000e+01,3.000000e+03,5.333333e+01,3.504913e+05,2.309810e+10
1.000000e+02,5.000000e-01,3.000000e+01,3.000000e+03,5.666667e+01,3.504913e+05,2.409021e+10
1.000000e+02,5.000000e-01,3.000000e+01,3.000000e+03,6.000000e+01,3.504913e+05,2.508231e+10
1.000000e+02,5.000000e-01,3.000000e+01,4.333333e+03,5.000000e+01,3.504913e+05,2.301916e+10
1.000000e+02,5.000000e-01,3.000000e+01,4.333333e+03,5.333333e+01,3.504913e+05,2.401127e+10
1.000000e+02,5.000000e-01,3.000000e+01,4.333333e+03,5.666667e+01,3.504913e+05,2.500337e+10
1.000000e+02,5.000000e-01,3.000000e+01,4.333333e+03,6.000000e+01,3.504913e+05,2.599548e+10
1.000000e+02,5.000000e-01,3.000000e+01,5.666667e+03,5.000000e+01,3.504913e+05,2.393233e+10
1.000000e+02,5.000000e-01,3.000000e+01,5.666667e+03,5.333333e+01,3.504913e+05,2.492443e+10
1.000000e+02,5.000000e-01,3.000000e+01,5.666667e+03,5.666667e+01,3.504913e+05,2.591653e+10
1.000000e+02,5.000000e-01,3.000000e+01,5.666667e+03,6.000000e+01,3.504913e+05,2.690864e+10
1.000000e+02,5.000000e-01,3.000000e+01,7.000000e+03,5.000000e+01,3.504913e+05,2.484549e+10
1.000000e+02,5.000000e-01,3.000000e+01,7.000000e+03,5.333333e+01,3.504913e+05,2.583759e+10
1.000000e+02,5.000000e-01,3.000000e+01,7.000000e+03,5.666667e+01,3.504913e+05,2.682970e+10
1.000000e+02,5.000000e-01,3.000000e+01,7.000000e+03,6.000000e+01,3.504913e+05,2.782180e+10
1.000000e+02,2.000000e+00,1.000000e+01,3.000000e+03,5.000000e+01,1.051442e+06,6.625742e+10
1.000000e+02,2.000000e+00,1.000000e+01,3.000000e+03,5.333333e+01,1.051442e+06,6.923101e+10
1.000000e+02,2.000000e+00,1.000000e+01,3.000000e+03,5.666667e+01,1.051442e+06,7.220460e+10
1.000000e+02,2.000000e+00,1.000000e+01,3.000000e+03,6.000000e+01,1.051442e+06,7.517820e+10
1.000000e+02,2.000000e+00,1.000000e+01,4.333333e+03,5.000000e+01,1.051442e+06,6.899440e+10
1.000000e+02,2.000000e+00,1.000000e+01,4.333333e+03,5.333333e+01,1.051442e+06,7.196799e+10
1.000000e+02,2.000000e+00,1.000000e+01,4.333333e+03,5.666667e+01,1.051442e+06,7.494159e+10
1.000000e+02,2.000000e+00,1.000000e+01,4.333333e+03,6.000000e+01,1.051442e+06,7.791518e+10
1.000000e+02,2.000000e+00,1.000000e+01,5.666667e+03,5.000000e+01,1.051442e+06,7.173139e+10
1.000000e+02,2.000000e+00,1.000000e+01,5.666667e+03,5.333333e+01,1.051442e+06,7.470498e+10
1.000000e+02,2.000000e+00,1.000000e+01,5.666667e+03,5.666667e+01,1.051442e+06,7.767857e+10
1.000000e+02,2.000000e+00,1.000000e+01,5.666667e+03,6.000000e+01,1.051442e+06,8.065217e+10
1.000000e+02,2.000000e+00,1.000000e+01,7.000000e+03,5.000000e+01,1.051442e+06,7.446837e+10
1.000000e+02,2.000000e+00,1.000000e+01,7.000000e+03,5.333333e+01,1.051442e+06,7.744196e+10
1.000000e+02,2.000000e+00,1.000000e+01,7.000000e+03,5.666667e+01,1.051442e+06,8.041556e+10
1.000000e+02,2.000000e+00,1.000000e+01,7.000000e+03,6.000000e+01,1.051442e+06,8.338915e+10
1.000000e+02,2.000000e+00,1.666667e+01,3.000000e+03,5.000000e+01,6.308653e+05,3.976842e+10
1.000000e+02,2.000000e+00,1.666667e+01,3.000000e+03,5.333333e+01,6.308653e+05,4.155321e+10
1.000000e+02,2.000000e+00,1.666667e+01,3.000000e+03,5.666667e+01,6.308653e+05,4.333799e+10
1.000000e+02,2.000000e+00,1.666667e+01,3.000000e+03,6.000000e+01,6.308653e+05,4.512277e+10
1.000000e+02,2.000000e+00,1.666667e+01,4.333333e+03,5.000000e+01,6.308653e+05,4.141119e+10
1.000000e+02,2.000000e+00,1.666667e+01,4.333333e+03,5.333333e+01,6.308653e+05,4.319597e+10
1.000000e+02,2.000000e+00,1.666667e+01,4.333333e+03,5.666667e+01,6.308653e+05,4.498076e+10
1.000000e+02,2.000000e+00,1.666667e+01,4.333333e+03,6.000000e+01,6.308653e+05,4.676554e+10
1.000000e+02,2.000000e+00,1.666667e+01,5.666667e+03,5.000000e+01,6.308653e+05,4.305396e+10
1.000000e+02,2.000000e+00,1.666667e+01,5.666667e+03,5.333333e+01,6.308653e+05,4.483874e+10
1.000000e+02,2.000000e+00,1.666667e+01,5.666667e+03,5.666667e+01,6.308653e+05,4.662352e+10
1.000000e+02,2.000000e+00,1.666667e+01,5.666667e+03,6.000000e+01,6.308653e+05,4.840831e+10
1.000000e+02,2.000000e+00,1.666667e+01,7.000000e+03,5.000000e+01,6.308653e+05,4.469673e+10
1.000000e+02,2.000000e+00,1.666667e+01,7.000000e+03,5.333333e+01,6.308653e+05,4.648151e+10
1.000000e+02,2.000000e+00,1.666667e+01,7.000000e+03,5.666667e+01,6.308653e+05,4.826629e+10
1.000000e+02,2.000000e+00,1.666667e+01,7.000000e+03,6.000000e+01,6.308653e+05,5.005108e+10
1.000000e+02,2.000000e+00,2.333333e+01,3.000000e+03,5.000000e+01,4.506181e+05,2.841413e+10
1.000000e+02,2.000000e+00,2.333333e+01,3.000000e+03,5.333333e+01,4.506181e+05,2.968934e+10
1.000000e+02,2.000000e+00,2.333333e+01,3.000000e+03,5.666667e+01,4.506181e+05,3.096455e+10
1.000000e+02,2.000000e+00,2.333333e+01,3.000000e+03,6.000000e+01,4.506181e+05,3.223976e+10
1.000000e+02,2.000000e+00,2.333333e+01,4.333333e+03,5.000000e+01,4.506181e+05,2.958787e+10
1.000000e+02,2.000000e+00,2.333333e+01,4.333333e+03,5.333333e+01,4.506181e+05,3.086308e+10
1.000000e+02,2.000000e+00,2.333333e+01,4.333333e+03,5.666667e+01,4.506181e+05,3.213829e+10
1.000000e+02,2.000000e+00,2.333333e+01,4.333333e+03,6.000000e+01,4.506181e+05,3.341350e+10
1.000000e+02,2.000000e+00,2.333333e+01,5.666667e+03,5.000000e+01,4.506181e+05,3.076161e+10
1.000000e+02,2.000000e+00,2.333333e+01,5.666667e+03,5.333333e+01,4.506181e+05,3.203682e+10
1.000000e+02,2.000000e+00,2.333333e+01,5.666667e+03,5.666667e+01,4.506181e+05,3.331203e+10
1.000000e+02,2.000000e+00,2.333333e+01,5.666667e+03,6.000000e+01,4.506181e+05,3.458724e+10
1.000000e+02,2.000000e+00,2.333333e+01,7.000000e+03,5.000000e+01,4.506181e+05,3.193535e+10
1.000000e+02,2.000000e+00,2.333333e+01,7.000000e+03,5.333333e+01,4.506181e+05,3.321056e+10
1.000000e+02,2.000000e+00,2.333333e+01,7.000000e+03,5.666667e+01,4.506181e+05,3.448577e+10
1.000000e+02,2.000000e+00,2.333333e+01,7.000000e+03,6.000000e+01,4.506181e+05,3.576098e+10
1.000000e+02,2.000000e+00,3.000000e+01,3.000000e+03,5.000000e+01,3.504807e+05,2.210533e+10
1.000000e+02,2.000000e+00,3.000000e+01,3.000000e+03,5.333333e+01,3.504807e+05,2.309741e+10
1.000000e+02,2.000000e+00,3.000000e+01,3.000000e+03,5.666667e+01,3.504807e+05,2.408948e+10
1.000000e+02,2.000000e+00,3.000000e+01,3.000000e+03,6.000000e+01,3.504807e+05,2.508156e+10
1.000000e+02,2.000000e+00,3.000000e+01,4.333333e+03,5.000000e+01,3.504807e+05,2.301847e+10
1.000000e+02,2.000000e+00,3.000000e+01,4.333333e+03,5.333333e+01,3.504807e+05,2.401054e+10
1.000000e+02,2.000000e+00,3.000000e+01,4.333333e+03,5.666667e+01,3.504807e+05,2.500262e+10
1.000000e+02,2.000000e+00,3.000000e+01,4.333333e+03,6.000000e+01,3.504807e+05,2.599469e+10
1.000000e+02,2.000000e+00,3.000000e+01,5.666667e+03,5.000000e+01,3.504807e+05,2.393160e+10
1.000000e+02,2.000000e+00,3.000000e+01,5.666667e+03,5.333333e+01,3.504807e+05,2.492368e+10
1.000000e+02,2.000000e+00,3.000000e+01,5.666667e+03,5.666667e+01,3.504807e+05,2.591575e+10
1.000000e+02,2.000000e+00,3.000000e+01,5.666667e+03,6.000000e+01,3.504807e+05,2.690783e+10
1.000000e+02,2.000000e+00,3.000000e+01,7.000000e+03,5.000000e+01,3.504807e+05,2.484474e+10
1.000000e+02,2.000000e+00,3.000000e+01,7.000000e+03,5.333333e+01,3.504807e+05,2.583681e+10
1.000000e+02,2.000000e+00,3.000000e+01,7.000000e+03,5.666667e+01,3.504807e+05,2.682889e+10
1.000000e+02,2.000000e+00,3.000000e+01,7.000000e+03,6.000000e+01,3.504807e+05,2.782096e+10
1.000000e+02,3.500000e+00,1.000000e+01,3.000000e+03,5.000000e+01,1.051410e+06,6.625542e+10
1.000000e+02,3.500000e+00,1.000000e+01,3.000000e+03,5.333333e+01,1.051410e+06,6.922892e+10
1.000000e+02,3.500000e+00,1.000000e+01,3.000000e+03,5.666667e+01,1.051410e+06,7.220242e+10
1.000000e+02,3.500000e+00,1.000000e+01,3.000000e+03,6.000000e+01,1.051410e+06,7.517593e+10
1.000000e+02,3.500000e+00,1.000000e+01,4.333333e+03,5.000000e+01,1.051410e+06,6.899232e+10
1.000000e+02,3.500000e+00,1.000000e+01,4.333333e+03,5.333333e+01,1.051410e+06,7.196582e+10
1.000000e+02,3.500000e+00,1.000000e+01,4.333333e+03,5.666667e+01,1.051410e+06,7.493933e+10
1.000000e+02,3.500000e+00,1.000000e+01,4.333333e+03,6.000000e+01,1.051410e+06,7.791283e+10
1.000000e+02,3.500000e+00,1.000000e+01,5.666667e+03,5.000000e+01,1.051410e+06,7.172922e+10
1.000000e+02,3.500000e+00,1.000000e+01,5.666667e+03,5.333333e+01,1.051410e+06,7.470272e+10
1.000000e+02,3.500000e+00,1.000000e+01,5.666667e+03,5.666667e+01,1.051410e+06,7.767623e+10
1.000000e+02,3.500000e+00,1.000000e+01,5.666667e+03,6.000000e+01,1.051410e+06,8.064973e+10
1.000000e+02,3.500000e+00,1.000000e+01,7.000000e+03,5.000000e+01,1.051410e+06,7.446612e+10
1.000000e+02,3.500000e+00,1.000000e+01,7.000000e+03,5.333333e+01,1.051410e+06,7.743963e+10
1.000000e+02,3.500000e+00,1.000000e+01,7.000000e+03,5.666667e+01,1.051410e+06,8.041313e+10
1.000000e+02,3.500000e+00,1.000000e+01,7.000000e+03,6.000000e+01,1.051410e+06,8.338663e+10
1.000000e+02,3.500000e+00,1.666667e+01,3.000000e+03,5.000000e+01,6.308462e+05,3.976722e+10
1.000000e+02,3.500000e+00,1.666667e+01,3.000000e+03,5.333333e+01,6.308462e+05,4.155195e+10
1.000000e+02,3.500000e+00,1.666667e+01,3.000000e+03,5.666667e+01,6.308462e+05,4.333668e+10
1.000000e+02,3.500000e+00,1.666667e+01,3.000000e+03,6.000000e+01,6.308462e+05,4.512141e+10
1.000000e+02,3.500000e+00,1.666667e+01,4.333333e+03,5.000000e+01,6.308462e+05,4.140994e+10
1.000000e+02,3.500000e+00,1.666667e+01,4.333333e+03,5.333333e+01,6.308462e+05,4.319467e+10
1.000000e+02,3.500000e+00,1.666667e+01,4.333333e+03,5.666667e+01,6.308462e+05,4.497940e+10
1.000000e+02,3.500000e+00,1.666667e+01,4.333333e+03,6.000000e+01,6.308462e+05,4.676413e+10
1.000000e+02,3.500000e+00,1.666667e+01,5.666667e+03,5.000000e+01,6.308462e+05,4.305266e+10
1.000000e+02,3.500000e+00,1.666667e+01,5.666667e+03,5.333333e+01,6.308462e+05,4.483739e+10
1.000000e+02,3.500000e+00,1.666667e+01,5.666667e+03,5.666667e+01,6.308462e+05,4.662212e+10
1.000000e+02,3.500000e+00,1.666667e+01,5.666667e+03,6.000000e+01,6.308462e+05,4.840685e+10
1.000000e+02,3.500000e+00,1.666667e+01,7.000000e+03,5.000000e+01,6.308462e+05,4.469538e+10
1.000000e+02,3.500000e+00,1.666667e+01,7.000000e+03,5.333333e+01,6.308462e+05,4.648011e+10
1.000000e+02,3.500000e+00,1.666667e+01,7.000000e+03,5.666667e+01,6.308462e+05,4.826484e+10
1.000000e+02,3.500000e+00,1.666667e+01,7.000000e+03,6.000000e+01,6.308462e+05,5.004957e+10
1.000000e+02,3.500000e+00,2.333333e+01,3.000000e+03,5.000000e+01,4.506044e+05,2.841327e+10
1.000000e+02,3.500000e+00,2.333333e+01,3.000000e+03,5.333333e+01,4.506044e+05,2.968844e+10
1.000000e+02,3.500000e+00,2.333333e+01,3.000000e+03,5.666667e+01,4.506044e+05,3.096361e+10
1.000000e+02,3.500000e+00,2.333333e+01,3.000000e+03,6.000000e+01,4.506044e+05,3.223878e+10
1.000000e+02,3.500000e+00,2.333333e+01,4.333333e+03,5.000000e+01,4.506044e+05,2.958698e+10
1.000000e+02,3.500000e+00,2.333333e+01,4.333333e+03,5.333333e+01,4.506044e+05,3.086215e+10
1.000000e+02,3.500000e+00,2.333333e+01,4.333333e+03,5.666667e+01,4.506044e+05,3.213732e+10
1.000000e+02,3.500000e+00,2.333333e+01,4.333333e+03,6.000000e+01,4.506044e+05,3.341249e+10
1.000000e+02,3.500000e+00,2.333333e+01,5.666667e+03,5.000000e+01,4.506044e+05,3.076068e+10
1.000000e+02,3.500000e+00,2.333333e+01,5.666667e+03,5.333333e+01,4.506044e+05,3.203585e+10
1.000000e+02,3.500000e+00,2.333333e+01,5.666667e+03,5.666667e+01,4.506044e+05,3.331102e+10
1.000000e+02,3.500000e+00,2.333333e+01,5.666667e+03,6.000000e+01,4.506044e+05,3.458619e+10
1.000000e+02,3.500000e+00,2.333333e+01,7.000000e+03,5.000000e+01,4.506044e+05,3.193439e+10
1.000000e+02,3.500000e+00,2.333333e+01,7.000000e+03,5.333333e+01,4.506044e+05,3.320956e+10
1.000000e+02,3.500000e+00,2.333333e+01,7.000000e+03,5.666667e+01,4.506044e+05,3.448473e+10
1.000000e+02,3.500000e+00,2.333333e+01,7.000000e+03,6.000000e+01,4.506044e+05,3.575990e+10
1.000000e+02,3.500000e+00,3.000000e+01,3.000000e+03,5.000000e+01,3.504701e+05,2.210467e+10
1.000000e+02,3.500000e+00,3.000000e+01,3.000000e+03,5.333333e+01,3.504701e+05,2.309671e+10
1.000000e+02,3.500000e+00,3.000000e+01,3.000000e+03,5.666667e+01,3.504701e+05,2.408876e+10
1.000000e+02,3.500000e+00,3.000000e+01,3.000000e+03,6.000000e+01,3.504701e+05,2.508080e+10
1.000000e+02,3.500000e+00,3.000000e+01,4.333333e+03,5.000000e+01,3.504701e+05,2.301777e+10
1.000000e+02,3.500000e+00,3.000000e+01,4.333333e+03,5.333333e+01,3.504701e+05,2.400982e+10
1.000000e+02,3.500000e+00,3.000000e+01,4.333333e+03,5.666667e+01,3.504701e+05,2.500186e+10
1.000000e+02,3.500000e+00,3.000000e+01,4.333333e+03,6.000000e+01,3.504701e+05,2.599391e+10
1.000000e+02,3.500000e+00,3.000000e+01,5.666667e+03,5.000000e+01,3.504701e+05,2.393088e+10
1.000000e+02,3.500000e+00,3.000000e+01,5.666667e+03,5.333333e+01,3.504701e+05,2.492293e+10
1.000000e+02,3.500000e+00,3.000000e+01,5.666667e+03,5.666667e+01,3.504701e+05,2.591497e+10
1.000000e+02,3.500000e+00,3.000000e+01,5.666667e+03,6.000000e+01,3.504701e+05,2.690701e+10
1.000000e+02,3.500000e+00,3.000000e+01,7.000000e+03,5.000000e+01,3.504701e+05,2.484399e+10
1.000000e+02,3.500000e+00,3.000000e+01,7.000000e+03,5.333333e+01,3.504701e+05,2.583603e+10
1.000000e+02,3.500000e+00,3.000000e+01,7.000000e+03,5.666667e+01,3.504701e+05,2.682808e+10
1.000000e+02,3.500000e+00,3.000000e+01,7.000000e+03,6.000000e+01,3.504701e+05,2.782012e+10
1.000000e+02,5.000000e+00,1.000000e+01,3.000000e+03,5.000000e+01,1.051379e+06,6.625342e+10
1.000000e+02,5.000000e+00,1.000000e+01,3.000000e+03,5.333333e+01,1.051379e+06,6.922683e+10
1.000000e+02,5.000000e+00,1.000000e+01,3.000000e+03,5.666667e+01,1.051379e+06,7.220024e+10
1.000000e+02,5.000000e+00,1.000000e+01,3.000000e+03,6.000000e+01,1.051379e+06,7.517366e+10
1.000000e+02,5.000000e+00,1.000000e+01,4.333333e+03,5.000000e+01,1.051379e+06,6.899024e+10
1.000000e+02,5.000000e+00,1.000000e+01,4.333333e+03,5.333333e+01,1.051379e+06,7.196365e+10
1.000000e+02,5.000000e+00,1.000000e+01,4.333333e+03,5.666667e+01,1.051379e+06,7.493706e+10
1.000000e+02,5.000000e+00,1.000000e+01,4.333333e+03,6.000000e+01,1.051379e+06,7.791048e+10
1.000000e+02,5.000000e+00,1.000000e+01,5.666667e+03,5.000000e+01,1.051379e+06,7.172706e+10
1.000000e+02,5.000000e+00,1.000000e+01,5.666667e+03,5.333333e+01,1.051379e+06,7.470047e+10
1.000000e+02,5.000000e+00,1.000000e+01,5.666667e+03,5.666667e+01,1.051379e+06,7.767388e+10
1.000000e+02,5.000000e+00,1.000000e+01,5.666667e+03,6.000000e+01,1.051379e+06,8.064730e+10
1.000000e+02,5.000000e+00,1.000000e+01,7.000000e+03,5.000000e+01,1.051379e+06,7.446388e+10
1.000000e+02,5.000000e+00,1.000000e+01,7.000000e+03,5.333333e+01,1.051379e+06,7.743729e+10
1.000000e+02,5.000000e+00,1.000000e+01,7.000000e+03,5.666667e+01,1.051379e+06,8.041070e+10
1.000000e+02,5.000000e+00,1.000000e+01,7.000000e+03,6.000000e+01,1.051379e+06,8.338412e+10
1.000000e+02,5.000000e+00,1.666667e+01,3.000000e+03,5.000000e+01,6.308272e+05,3.976602e+10
1.000000e+02,5.000000e+00,1.666667e+01,3.000000e+03,5.333333e+01,6.308272e+05,4.155070e+10
1.000000e+02,5.000000e+00,1.666667e+01,3.000000e+03,5.666667e+01,6.308272e+05,4.333537e+10
1.000000e+02,5.000000e+00,1.666667e+01,3.000000e+03,6.000000e+01,6.308272e+05,4.512005e+10
1.000000e+02,5.000000e+00,1.666667e+01,4.333333e+03,5.000000e+01,nan,nan
1.000000e+02,5.000000e+00,1.666667e+01,4.333333e+03,5.333333e+01,6.308272e+05,4.319337e+10
1.000000e+02,5.000000e+00,1.666667e+01,4.333333e+03,5.666667e+01,6.308272e+05,4.497804e+10
1.000000e+02,5.000000e+00,1.666667e+01,4.333333e+03,6.000000e+01,6.308272e+05,4.676272e+10
1.000000e+02,5.000000e+00,1.666667e+01,5.666667e+03,5.000000e+01,6.308272e+05,4.305136e+10
1.000000e+02,5.000000e+00,1.666667e+01,5.666667e+03,5.333333e+01,6.308272e+05,4.483604e+10
1.000000e+02,5.000000e+00,1.666667e+01,5.666667e+03,5.666667e+01,6.308272e+05,4.662071e+10
1.000000e+02,5.000000e+00,1.666667e+01,5.666667e+03,6.000000e+01,6.308272e+05,4.840539e+10
1.000000e+02,5.000000e+00,1.666667e+01,7.000000e+03,5.000000e+01,6.308272e+05,4.469403e+10
1.000000e+02,5.000000e+00,1.666667e+01,7.000000e+03,5.333333e+01,6.308272e+05,4.647870e+10
1.000000e+02,5.000000e+00,1.666667e+01,7.000000e+03,5.666667e+01,6.308272e+05,4.826338e+10
1.000000e+02,5.000000e+00,1.666667e+01,7.000000e+03,6.000000e+01,6.308272e+05,5.004806e+10
1.000000e+02,5.000000e+00,2.333333e+01,3.000000e+03,5.000000e+01,4.505908e+05,2.841241e+10
1.000000e+02,5.000000e+00,2.333333e+01,3.000000e+03,5.333333e+01,4.505908e+05,2.968755e+10
1.000000e+02,5.000000e+00,2.333333e+01,3.000000e+03,5.666667e+01,4.505908e+05,3.096268e+10
1.000000e+02,5.000000e+00,2.333333e+01,3.000000e+03,6.000000e+01,4.505908e+05,3.223781e+10
1.000000e+02,5.000000e+00,2.333333e+01,4.333333e+03,5.000000e+01,4.505908e+05,2.958608e+10
1.000000e+02,5.000000e+00,2.333333e+01,4.333333e+03,5.333333e+01,4.505908e+05,3.086122e+10
1.000000e+02,5.000000e+00,2.333333e+01,4.333333e+03,5.666667e+01,4.505908e+05,3.213635e+10
1.000000e+02,5.000000e+00,2.333333e+01,4.333333e+03,6.000000e+01,4.505908e+05,3.341148e+10
1.000000e+02,5.000000e+00,2.333333e+01,5.666667e+03,5.000000e+01,4.505908e+05,3.075975e+10
1.000000e+02,5.000000e+00,2.333333e+01,5.666667e+03,5.333333e+01,4.505908e+05,3.203489e+10
1.000000e+02,5.000000e+00,2.333333e+01,5.666667e+03,5.666667e+01,4.505908e+05,3.331002e+10
1.000000e+02,5.000000e+00,2.333333e+01,5.666667e+03,6.000000e+01,4.505908e+05,3.458515e+10
1.000000e+02,5.000000e+00,2.333333e+01,7.000000e+03,5.000000e+01,4.505908e+05,3.193342e+10
1.000000e+02,5.000000e+00,2.333333e+01,7.000000e+03,5.333333e+01,4.505908e+05,3.320856e+10
1.000000e+02,5.000000e+00,2.333333e+01,7.000000e+03,5.666667e+01,4.505908e+05,3.448369e+10
1.000000e+02,5.000000e+00,2.333333e+01,7.000000e+03,6.000000e+01,4.505908e+05,3.575882e+10
1.000000e+02,5.000000e+00,3.000000e+01,3.000000e+03,5.000000e+01,3.504595e+05,2.210400e+10
1.000000e+02,5.000000e+00,3.000000e+01,3.000000e+03,5.333333e+01,3.504595e+05,2.309601e+10
1.000000e+02,5.000000e+00,3.000000e+01,3.000000e+03,5.666667e+01,3.504595e+05,2.408803e+10
1.000000e+02,5.000000e+00,3.000000e+01,3.000000e+03,6.000000e+01,3.504595e+05,2.508004e+10
1.000000e+02,5.000000e+00,3.000000e+01,4.333333e+03,5.000000e+01,3.504595e+05,2.301708e+10
1.000000e+02,5.000000e+00,3.000000e+01,4.333333e+03,5.333333e+01,3.504595e+05,2.400909e+10
1.000000e+02,5.000000e+00,3.000000e+01,4.333333e+03,5.666667e+01,3.504595e+05,2.500111e+10
1.000000e+02,5.000000e+00,3.000000e+01,4.333333e+03,6.000000e+01,3.504595e+05,2.599312e+10
1.000000e+02,5.000000e+00,3.000000e+01,5.666667e+03,5.000000e+01,3.504595e+05,2.393016e+10
1.000000e+02,5.000000e+00,3.000000e+01,5.666667e+03,5.333333e+01,3.504595e+05,2.492217e+10
1.000000e+02,5.000000e+00,3.000000e+01,5.666667e+03,5.666667e+01,3.504595e+05,2.591419e+10
1.000000e+02,5.000000e+00,3.000000e+01,5.666667e+03,6.000000e+01,3.504595e+05,2.690620e+10
1.000000e+02,5.000000e+00,3.000000e+01,7.000000e+03,5.000000e+01,3.504595e+05,2.484324e+10
1.000000e+02,5.000000e+00,3.000000e+01,7.000000e+03,5.333333e+01,3.504595e+05,2.583525e+10
1.000000e+02,5.000000e+00,3.000000e+01,7.000000e+03,5.666667e+01,3.504595e+05,2.682727e+10
1.000000e+02,5.000000e+00,3.000000e+01,7.000000e+03,6.000000e+01,3.504595e+05,2.781928e+10
2.000000e+02,5.000000e-01,1.000000e+01,3.000000e+03,5.000000e+01,2.102948e+06,1.324720e+11
2.000000e+02,5.000000e-01,1.000000e+01,3.000000e+03,5.333333e+01,2.102948e+06,1.384172e+11
2.000000e+02,5.000000e-01,1.000000e+01,3.000000e+03,5.666667e+01,2.102948e+06,1.443625e+11
2.000000e+02,5.000000e-01,1.000000e+01,3.000000e+03,6.000000e+01,2.102948e+06,1.503077e+11
2.000000e+02,5.000000e-01,1.000000e+01,4.333333e+03,5.000000e+01,2.102948e+06,1.379442e+11
2.000000e+02,5.000000e-01,1.000000e+01,4.333333e+03,5.333333e+01,2.102948e+06,1.438894e+11
2.000000e+02,5.000000e-01,1.000000e+01,4.333333e+03,5.666667e+01,2.102948e+06,1.498347e+11
2.000000e+02,5.000000e-01,1.000000e+01,4.333333e+03,6.000000e+01,2.102948e+06,1.557799e+11
2.000000e+02,5.000000e-01,1.000000e+01,5.666667e+03,5.000000e+01,2.102948e+06,1.434163e+11
2.000000e+02,5.000000e-01,1.000000e+01,5.666667e+03,5.333333e+01,2.102948e+06,1.493616e+11
2.000000e+02,5.000000e-01,1.000000e+01,5.666667e+03,5.666667e+01,2.102948e+06,1.553069e+11
2.000000e+02,5.000000e-01,1.000000e+01,5.666667e+03,6.000000e+01,2.102948e+06,1.612521e+11
2.000000e+02,5.000000e-01,1.000000e+01,7.000000e+03,5.000000e+01,2.102948e+06,1.488885e+11
2.000000e+02,5.000000e-01,1.000000e+01,7.000000e+03,5.333333e+01,2.102948e+06,1.548338e+11
2.000000e+02,5.000000e-01,1.000000e+01,7.000000e+03,5.666667e+01,2.102948e+06,1.607791e+11
2.000000e+02,5.000000e-01,1.000000e+01,7.000000e+03,6.000000e+01,2.102948e+06,1.667243e+11
2.000000e+02,5.000000e-01,1.666667e+01,3.000000e+03,5.000000e+01,1.261769e+06,7.950293e+10
2.000000e+02,5.000000e-01,1.666667e+01,3.000000e+03,5.333333e+01,1.261769e+06,8.307098e+10
2.000000e+02,5.000000e-01,1.666667e+01,3.000000e+03,5.666667e+01,1.261769e+06,8.663902e+10
2.000000e+02,5.000000e-01,1.666667e+01,3.000000e+03,6.000000e+01,1.261769e+06,9.020706e+10
2.000000e+02,5.000000e-01,1.666667e+01,4.333333e+03,5.000000e+01,1.261769e+06,8.278707e+10
2.000000e+02,5.000000e-01,1.666667e+01,4.333333e+03,5.333333e+01,1.261769e+06,8.635511e+10
2.000000e+02,5.000000e-01,1.666667e+01,4.333333e+03,5.666667e+01,1.261769e+06,8.992316e+10
2.000000e+02,5.000000e-01,1.666667e+01,4.333333e+03,6.000000e+01,1.261769e+06,9.349120e+10
2.000000e+02,5.000000e-01,1.666667e+01,5.666667e+03,5.000000e+01,1.261769e+06,8.607120e+10
2.000000e+02,5.000000e-01,1.666667e+01,5.666667e+03,5.333333e+01,1.261769e+06,8.963925e+10
2.000000e+02,5.000000e-01,1.666667e+01,5.666667e+03,5.666667e+01,1.261769e+06,9.320729e+10
2.000000e+02,5.000000e-01,1.666667e+01,5.666667e+03,6.000000e+01,1.261769e+06,9.677534e+10
2.000000e+02,5.000000e-01,1.666667e+01,7.000000e+03,5.000000e+01,1.261769e+06,8.935534e+10
2.000000e+02,5.000000e-01,1.666667e+01,7.000000e+03,5.333333e+01,1.261769e+06,9.292338e+10
2.000000e+02,5.000000e-01,1.666667e+01,7.000000e+03,5.666667e+01,1.261769e+06,9.649143e+10
2.000000e+02,5.000000e-01,1.666667e+01,7.000000e+03,6.000000e+01,1.261769e+06,1.000595e+11
2.000000e+02,5.000000e-01,2.333333e+01,3.000000e+03,5.000000e+01,9.012633e+05,5.679928e+10
2.000000e+02,5.000000e-01,2.333333e+01,3.000000e+03,5.333333e+01,9.012633e+05,5.934840e+10
2.000000e+02,5.000000e-01,2.333333e+01,3.000000e+03,5.666667e+01,9.012633e+05,6.189752e+10
2.000000e+02,5.000000e-01,2.333333e+01,3.000000e+03,6.000000e+01,9.012633e+05,6.444664e+10
2.000000e+02,5.000000e-01,2.333333e+01,4.333333e+03,5.000000e+01,9.012633e+05,5.914557e+10
2.000000e+02,5.000000e-01,2.333333e+01,4.333333e+03,5.333333e+01,9.012633e+05,6.169468e+10
2.000000e+02,5.000000e-01,2.333333e+01,4.333333e+03,5.666667e+01,9.012633e+05,6.424380e+10
2.000000e+02,5.000000e-01,2.333333e+01,4.333333e+03,6.000000e+01,9.012633e+05,6.679292e+10
2.000000e+02,5.000000e-01,2.333333e+01,5.666667e+03,5.000000e+01,9.012633e+05,6.149185e+10
2.000000e+02,5.000000e-01,2.333333e+01,5.666667e+03,5.333333e+01,9.012633e+05,6.404097e+10
2.000000e+02,5.000000e-01,2.333333e+01,5.666667e+03,5.666667e+01,9.012633e+05,6.659009e+10
2.000000e+02,5.000000e-01,2.333333e+01,5.666667e+03,6.000000e+01,9.012633e+05,6.913921e+10
2.000000e+02,5.000000e-01,2.333333e+01,7.000000e+03,5.000000e+01,9.012633e+05,6.383814e+10
2.000000e+02,5.000000e-01,2.333333e+01,7.000000e+03,5.333333e+01,9.012633e+05,6.638725e+10
2.000000e+02,5.000000e-01,2.333333e+01,7.000000e+03,5.666667e+01,9.012633e+05,6.893637e+10
2.000000e+02,5.000000e-01,2.333333e+01,7.000000e+03,6.000000e+01,9.012633e+05,7.148549e+10
2.000000e+02,5.000000e-01,3.000000e+01,3.000000e+03,5.000000e+01,7.009826e+05,4.418493e+10
2.000000e+02,5.000000e-01,3.000000e+01,3.000000e+03,5.333333e+01,7.009826e+05,4.616793e+10
2.000000e+02,5.000000e-01,3.000000e+01,3.000000e+03,5.666667e+01,7.009826e+05,4.815092e+10
2.000000e+02,5.000000e-01,3.000000e+01,3.000000e+03,6.000000e+01,7.009826e+05,5.013392e+10
2.000000e+02,5.000000e-01,3.000000e+01,4.333333e+03,5.000000e+01,7.009826e+05,4.601014e+10
2.000000e+02,5.000000e-01,3.000000e+01,4.333333e+03,5.333333e+01,7.009826e+05,4.799314e+10
2.000000e+02,5.000000e-01,3.000000e+01,4.333333e+03,5.666667e+01,7.009826e+05,4.997613e+10
2.000000e+02,5.000000e-01,3.000000e+01,4.333333e+03,6.000000e+01,7.009826e+05,5.195912e+10
2.000000e+02,5.000000e-01,3.000000e+01,5.666667e+03,5.000000e+01,7.009826e+05,4.783535e+10
2.000000e+02,5.000000e-01,3.000000e+01,5.666667e+03,5.333333e+01,7.009826e+05,4.981834e+10
2.000000e+02,5.000000e-01,3.000000e+01,5.666667e+03,5.666667e+01,7.009826e+05,5.180134e+10
2.000000e+02,5.000000e-01,3.000000e+01,5.666667e+03,6.000000e+01,7.009826e+05,5.378433e+10
2.000000e+02,5.000000e-01,3.000000e+01,7.000000e+03,5.000000e+01,7.009826e+05,4.966056e+10
2.000000e+02,5.000000e-01,3.000000e+01,7.000000e+03,5.333333e+01,7.009826e+05,5.164355e+10
2.000000e+02,5.000000e-01,3.000000e+01,7.000000e+03,5.666667e+01,7.009826e+05,5.362654e+10
2.000000e+02,5.000000e-01,3.000000e+01,7.000000e+03,6.000000e+01,7.009826e+05,5.560954e+10
2.000000e+02,2.000000e+00,1.000000e+01,3.000000e+03,5.000000e+01,2.102884e+06,1.324680e+11
2.000000e+02,2.000000e+00,1.000000e+01,3.000000e+03,5.333333e+01,2.102884e+06,1.384130e+11
2.000000e+02,2.000000e+00,1.000000e+01,3.000000e+03,5.666667e+01,2.102884e+06,1.443581e+11
2.000000e+02,2.000000e+00,1.000000e+01,3.000000e+03,6.000000e+01,2.102884e+06,1.503032e+11
2.000000e+02,2.000000e+00,1.000000e+01,4.333333e+03,5.000000e+01,2.102884e+06,1.379400e+11
2.000000e+02,2.000000e+00,1.000000e+01,4.333333e+03,5.333333e+01,2.102884e+06,1.438851e+11
2.000000e+02,2.000000e+00,1.000000e+01,4.333333e+03,5.666667e+01,2.102884e+06,1.498302e+11
2.000000e+02,2.000000e+00,1.000000e+01,4.333333e+03,6.000000e+01,2.102884e+06,1.557752e+11
2.000000e+02,2.000000e+00,1.000000e+01,5.666667e+03,5.000000e+01,2.102884e+06,1.434120e+11
2.000000e+02,2.000000e+00,1.000000e+01,5.666667e+03,5.333333e+01,2.102884e+06,1.493571e+11
2.000000e+02,2.000000e+00,1.000000e+01,5.666667e+03,5.666667e+01,2.102884e+06,1.553022e+11
2.000000e+02,2.000000e+00,1.000000e+01,5.666667e+03,6.000000e+01,2.102884e+06,1.612473e+11
2.000000e+02,2.000000e+00,1.000000e+01,7.000000e+03,5.000000e+01,2.102884e+06,1.488841e+11
2.000000e+02,2.000000e+00,1.000000e+01,7.000000e+03,5.333333e+01,2.102884e+06,1.548291e+11
2.000000e+02,2.000000e+00,1.000000e+01,7.000000e+03,5.666667e+01,2.102884e+06,1.607742e+11
2.000000e+02,2.000000e+00,1.000000e+01,7.000000e+03,6.000000e+01,2.102884e+06,1.667193e+11
2.000000e+02,2.000000e+00,1.666667e+01,3.000000e+03,5.000000e+01,1.261731e+06,7.950053e+10
2.000000e+02,2.000000e+00,1.666667e+01,3.000000e+03,5.333333e+01,1.261731e+06,8.306847e+10
2.000000e+02,2.000000e+00,1.666667e+01,3.000000e+03,5.666667e+01,1.261731e+06,8.663641e+10
2.000000e+02,2.000000e+00,1.666667e+01,3.000000e+03,6.000000e+01,1.261731e+06,9.020434e+10
2.000000e+02,2.000000e+00,1.666667e+01,4.333333e+03,5.000000e+01,1.261731e+06,8.278457e+10
2.000000e+02,2.000000e+00,1.666667e+01,4.333333e+03,5.333333e+01,1.261731e+06,8.635251e+10
2.000000e+02,2.000000e+00,1.666667e+01,4.333333e+03,5.666667e+01,1.261731e+06,8.992044e+10
2.000000e+02,2.000000e+00,1.666667e+01,4.333333e+03,6.000000e+01,1.261731e+06,9.348838e+10
2.000000e+02,2.000000e+00,1.666667e+01,5.666667e+03,5.000000e+01,1.261731e+06,8.606860e+10
2.000000e+02,2.000000e+00,1.666667e+01,5.666667e+03,5.333333e+01,1.261731e+06,8.963654e+10
2.000000e+02,2.000000e+00,1.666667e+01,5.666667e+03,5.666667e+01,1.261731e+06,9.320448e+10
2.000000e+02,2.000000e+00,1.666667e+01,5.666667e+03,6.000000e+01,1.261731e+06,9.677241e+10
2.000000e+02,2.000000e+00,1.666667e+01,7.000000e+03,5.000000e+01,1.261731e+06,8.935264e+10
2.000000e+02,2.000000e+00,1.666667e+01,7.000000e+03,5.333333e+01,1.261731e+06,9.292058e+10
2.000000e+02,2.000000e+00,1.666667e+01,7.000000e+03,5.666667e+01,1.261731e+06,9.648851e+10
2.000000e+02,2.000000e+00,1.666667e+01,7.000000e+03,6.000000e+01,1.261731e+06,1.000565e+11
2.000000e+02,2.000000e+00,2.333333e+01,3.000000e+03,5.000000e+01,9.012361e+05,5.679757e+10
2.000000e+02,2.000000e+00,2.333333e+01,3.000000e+03,5.333333e+01,9.012361e+05,5.934661e+10
2.000000e+02,2.000000e+00,2.333333e+01,3.000000e+03,5.666667e+01,9.012361e+05,6.189565e+10
2.000000e+02,2.000000e+00,2.333333e+01,3.000000e+03,6.000000e+01,9.012361e+05,6.444469e+10
2.000000e+02,2.000000e+00,2.333333e+01,4.333333e+03,5.000000e+01,9.012361e+05,5.914378e+10
2.000000e+02,2.000000e+00,2.333333e+01,4.333333e+03,5.333333e+01,9.012361e+05,6.169282e+10
2.000000e+02,2.000000e+00,2.333333e+01,4.333333e+03,5.666667e+01,9.012361e+05,6.424186e+10
2.000000e+02,2.000000e+00,2.333333e+01,4.333333e+03,6.000000e+01,9.012361e+05,6.679090e+10
2.000000e+02,2.000000e+00,2.333333e+01,5.666667e+03,5.000000e+01,9.012361e+05,6.149000e+10
2.000000e+02,2.000000e+00,2.333333e+01,5.666667e+03,5.333333e+01,9.012361e+05,6.403904e+10
2.000000e+02,2.000000e+00,2.333333e+01,5.666667e+03,5.666667e+01,9.012361e+05,6.658808e+10
2.000000e+02,2.000000e+00,2.333333e+01,5.666667e+03,6.000000e+01,9.012361e+05,6.913712e+10
2.000000e+02,2.000000e+00,2.333333e+01,7.000000e+03,5.000000e+01,9.012361e+05,6.383621e+10
2.000000e+02,2.000000e+00,2.333333e+01,7.000000e+03,5.333333e+01,9.012361e+05,6.638525e+10
2.000000e+02,2.000000e+00,2.333333e+01,7.000000e+03,5.666667e+01,9.012361e+05,6.893429e+10
2.000000e+02,2.000000e+00,2.333333e+01,7.000000e+03,6.000000e+01,9.012361e+05,7.148333e+10
2.000000e+02,2.000000e+00,3.000000e+01,3.000000e+03,5.000000e+01,7.009614e+05,4.418360e+10
2.000000e+02,2.000000e+00,3.000000e+01,3.000000e+03,5.333333e+01,7.009614e+05,4.616654e+10
2.000000e+02,2.000000e+00,3.000000e+01,3.000000e+03,5.666667e+01,7.009614e+05,4.814947e+10
2.000000e+02,2.000000e+00,3.000000e+01,3.000000e+03,6.000000e+01,7.009614e+05,5.013240e+10
2.000000e+02,2.000000e+00,3.000000e+01,4.333333e+03,5.000000e+01,7.009614e+05,4.600875e+10
2.000000e+02,2.000000e+00,3.000000e+01,4.333333e+03,5.333333e+01,7.009614e+05,4.799169e+10
2.000000e+02,2.000000e+00,3.000000e+01,4.333333e+03,5.666667e+01,7.009614e+05,4.997462e+10
2.000000e+02,2.000000e+00,3.000000e+01,4.333333e+03,6.000000e+01,7.009614e+05,5.195755e+10
2.000000e+02,2.000000e+00,3.000000e+01,5.666667e+03,5.000000e+01,7.009614e+05,4.783391e+10
2.000000e+02,2.000000e+00,3.000000e+01,5.666667e+03,5.333333e+01,7.009614e+05,4.981684e+10
2.000000e+02,2.000000e+00,3.000000e+01,5.666667e+03,5.666667e+01,7.009614e+05,5.179977e+10
2.000000e+02,2.000000e+00,3.000000e+01,5.666667e+03,6.000000e+01,7.009614e+05,5.378271e+10
2.000000e+02,2.000000e+00,3.000000e+01,7.000000e+03,5.000000e+01,7.009614e+05,4.965906e+10
2.000000e+02,2.000000e+00,3.000000e+01,7.000000e+03,5.333333e+01,7.009614e+05,5.164199e+10
2.000000e+02,2.000000e+00,3.000000e+01,7.000000e+03,5.666667e+01,7.009614e+05,5.362492e+10
2.000000e+02,2.000000e+00,3.000000e+01,7.000000e+03,6.000000e+01,7.009614e+05,5.560786e+10
2.000000e+02,3.500000e+00,1.000000e+01,3.000000e+03,5.000000e+01,2.102821e+06,1.324640e+11
2.000000e+02,3.500000e+00,1.000000e+01,3.000000e+03,5.333333e+01,2.102821e+06,1.384089e+11
2.000000e+02,3.500000e+00,1.000000e+01,3.000000e+03,5.666667e+01,2.102821e+06,1.443538e+11
2.000000e+02,3.500000e+00,1.000000e+01,3.000000e+03,6.000000e+01,2.102821e+06,1.502987e+11
2.000000e+02,3.500000e+00,1.000000e+01,4.333333e+03,5.000000e+01,2.102821e+06,1.379358e+11
2.000000e+02,3.500000e+00,1.000000e+01,4.333333e+03,5.333333e+01,2.102821e+06,1.438807e+11
2.000000e+02,3.500000e+00,1.000000e+01,4.333333e+03,5.666667e+01,2.102821e+06,1.498256e+11
2.000000e+02,3.500000e+00,1.000000e+01,4.333333e+03,6.000000e+01,2.102821e+06,1.557705e+11
2.000000e+02,3.500000e+00,1.000000e+01,5.666667e+03,5.000000e+01,2.102821e+06,1.434077e+11
2.000000e+02,3.500000e+00,1.000000e+01,5.666667e+03,5.333333e+01,2.102821e+06,1.493526e+11
2.000000e+02,3.500000e+00,1.000000e+01,5.666667e+03,5.666667e+01,2.102821e+06,1.552975e+11
2.000000e+02,3.500000e+00,1.000000e+01,5.666667e+03,6.000000e+01,2.102821e+06,1.612424e+11
2.000000e+02,3.500000e+00,1.000000e+01,7.000000e+03,5.000000e+01,2.102821e+06,1.488796e+11
2.000000e+02,3.500000e+00,1.000000e+01,7.000000e+03,5.333333e+01,2.102821e+06,1.548245e+11
2.000000e+02,3.500000e+00,1.000000e+01,7.000000e+03,5.666667e+01,2.102821e+06,1.607694e+11
2.000000e+02,3.500000e+00,1.000000e+01,7.000000e+03,6.000000e+01,2.102821e+06,1.667143e+11
2.000000e+02,3.500000e+00,1.666667e+01,3.000000e+03,5.000000e+01,1.261692e+06,7.949813e+10
2.000000e+02,3.500000e+00,1.666667e+01,3.000000e+03,5.333333e+01,1.261692e+06,8.306596e+10
2.000000e+02,3.500000e+00,1.666667e+01,3.000000e+03,5.666667e+01,1.261692e+06,8.663379e+10
2.000000e+02,3.500000e+00,1.666667e+01,3.000000e+03,6.000000e+01,1.261692e+06,9.020162e+10
2.000000e+02,3.500000e+00,1.666667e+01,4.333333e+03,5.000000e+01,1.261692e+06,8.278207e+10
2.000000e+02,3.500000e+00,1.666667e+01,4.333333e+03,5.333333e+01,1.261692e+06,8.634990e+10
2.000000e+02,3.500000e+00,1.666667e+01,4.333333e+03,5.666667e+01,1.261692e+06,8.991773e+10
2.000000e+02,3.500000e+00,1.666667e+01,4.333333e+03,6.000000e+01,1.261692e+06,9.348556e+10
2.000000e+02,3.500000e+00,1.666667e+01,5.666667e+03,5.000000e+01,1.261692e+06,8.606601e+10
2.000000e+02,3.500000e+00,1.666667e+01,5.666667e+03,5.333333e+01,1.261692e+06,8.963384e+10
2.000000e+02,3.500000e+00,1.666667e+01,5.666667e+03,5.666667e+01,1.261692e+06,9.320166e+10
2.000000e+02,3.500000e+00,1.666667e+01,5.666667e+03,6.000000e+01,1.261692e+06,9.676949e+10
2.000000e+02,3.500000e+00,1.666667e+01,7.000000e+03,5.000000e+01,1.261692e+06,8.934994e+10
2.000000e+02,3.500000e+00,1.666667e+01,7.000000e+03,5.333333e+01,1.261692e+06,9.291777e+10
2.000000e+02,3.500000e+00,1.666667e+01,7.000000e+03,5.666667e+01,1.261692e+06,9.648560e+10
2.000000e+02,3.500000e+00,1.666667e+01,7.000000e+03,6.000000e+01,1.261692e+06,1.000534e+11
2.000000e+02,3.500000e+00,2.333333e+01,3.000000e+03,5.000000e+01,9.012089e+05,5.679585e+10
2.000000e+02,3.500000e+00,2.333333e+01,3.000000e+03,5.333333e+01,9.012089e+05,5.934482e+10
2.000000e+02,3.500000e+00,2.333333e+01,3.000000e+03,5.666667e+01,9.012089e+05,6.189378e+10
2.000000e+02,3.500000e+00,2.333333e+01,3.000000e+03,6.000000e+01,9.012089e+05,6.444275e+10
2.000000e+02,3.500000e+00,2.333333e+01,4.333333e+03,5.000000e+01,9.012089e+05,5.914200e+10
2.000000e+02,3.500000e+00,2.333333e+01,4.333333e+03,5.333333e+01,9.012089e+05,6.169096e+10
2.000000e+02,3.500000e+00,2.333333e+01,4.333333e+03,5.666667e+01,9.012089e+05,6.423992e+10
2.000000e+02,3.500000e+00,2.333333e+01,4.333333e+03,6.000000e+01,9.012089e+05,6.678889e+10
2.000000e+02,3.500000e+00,2.333333e+01,5.666667e+03,5.000000e+01,9.012089e+05,6.148814e+10
2.000000e+02,3.500000e+00,2.333333e+01,5.666667e+03,5.333333e+01,9.012089e+05,6.403710e+10
2.000000e+02,3.500000e+00,2.333333e+01,5.666667e+03,5.666667e+01,9.012089e+05,6.658607e+10
2.000000e+02,3.500000e+00,2.333333e+01,5.666667e+03,6.000000e+01,9.012089e+05,6.913503e+10
2.000000e+02,3.500000e+00,2.333333e+01,7.000000e+03,5.000000e+01,9.012089e+05,6.383428e+10
2.000000e+02,3.500000e+00,2.333333e+01,7.000000e+03,5.333333e+01,9.012089e+05,6.638325e+10
2.000000e+02,3.500000e+00,2.333333e+01,7.000000e+03,5.666667e+01,9.012089e+05,6.893221e+10
2.000000e+02,3.500000e+00,2.333333e+01,7.000000e+03,6.000000e+01,9.012089e+05,7.148117e+10
2.000000e+02,3.500000e+00,3.000000e+01,3.000000e+03,5.000000e+01,7.009402e+05,4.418227e+10
2.000000e+02,3.500000e+00,3.000000e+01,3.000000e+03,5.333333e+01,7.009402e+05,4.616514e+10
2.000000e+02,3.500000e+00,3.000000e+01,3.000000e+03,5.666667e+01,7.009402e+05,4.814802e+10
2.000000e+02,3.500000e+00,3.000000e+01,3.000000e+03,6.000000e+01,7.009402e+05,5.013089e+10
2.000000e+02,3.500000e+00,3.000000e+01,4.333333e+03,5.000000e+01,7.009402e+05,4.600736e+10
2.000000e+02,3.500000e+00,3.000000e+01,4.333333e+03,5.333333e+01,7.009402e+05,4.799024e+10
2.000000e+02,3.500000e+00,3.000000e+01,4.333333e+03,5.666667e+01,7.009402e+05,4.997311e+10
2.000000e+02,3.500000e+00,3.000000e+01,4.333333e+03,6.000000e+01,7.009402e+05,5.195599e+10
2.000000e+02,3.500000e+00,3.000000e+01,5.666667e+03,5.000000e+01,7.009402e+05,4.783246e+10
2.000000e+02,3.500000e+00,3.000000e+01,5.666667e+03,5.333333e+01,7.009402e+05,4.981534e+10
2.000000e+02,3.500000e+00,3.000000e+01,5.666667e+03,5.666667e+01,7.009402e+05,5.179821e+10
2.000000e+02,3.500000e+00,3.000000e+01,5.666667e+03,6.000000e+01,7.009402e+05,5.378108e+10
2.000000e+02,3.500000e+00,3.000000e+01,7.000000e+03,5.000000e+01,7.009402e+05,4.965756e+10
2.000000e+02,3.500000e+00,3.000000e+01,7.000000e+03,5.333333e+01,7.009402e+05,5.164043e+10
2.000000e+02,3.500000e+00,3.000000e+01,7.000000e+03,5.666667e+01,7.009402e+05,5.362331e+10
2.000000e+02,3.500000e+00,3.000000e+01,7.000000e+03,6.000000e+01,7.009402e+05,5.560618e+10
2.000000e+02,5.000000e+00,1.000000e+01,3.000000e+03,5.000000e+01,2.102757e+06,1.324600e+11
2.000000e+02,5.000000e+00,1.000000e+01,3.000000e+03,5.333333e+01,2.102757e+06,1.384047e+11
2.000000e+02,5.000000e+00,1.000000e+01,3.000000e+03,5.666667e+01,2.102757e+06,1.443494e+11
2.000000e+02,5.000000e+00,1.000000e+01,3.000000e+03,6.000000e+01,2.102757e+06,1.502941e+11
2.000000e+02,5.000000e+00,1.000000e+01,4.333333e+03,5.000000e+01,2.102757e+06,1.379317e+11
2.000000e+02,5.000000e+00,1.000000e+01,4.333333e+03,5.333333e+01,2.102757e+06,1.438764e+11
2.000000e+02,5.000000e+00,1.000000e+01,4.333333e+03,5.666667e+01,2.102757e+06,1.498211e+11
2.000000e+02,5.000000e+00,1.000000e+01,4.333333e+03,6.000000e+01,2.102757e+06,1.557658e+11
2.000000e+02,5.000000e+00,1.000000e+01,5.666667e+03,5.000000e+01,2.102757e+06,1.434034e+11
2.000000e+02,5.000000e+00,1.000000e+01,5.666667e+03,5.333333e+01,2.102757e+06,1.493481e+11
2.000000e+02,5.000000e+00,1.000000e+01,5.666667e+03,5.666667e+01,2.102757e+06,1.552928e+11
2.000000e+02,5.000000e+00,1.000000e+01,5.666667e+03,6.000000e+01,2.102757e+06,1.612375e+11
2.000000e+02,5.000000e+00,1.000000e+01,7.000000e+03,5.000000e+01,2.102757e+06,1.488751e+11
2.000000e+02,5.000000e+00,1.000000e+01,7.000000e+03,5.333333e+01,2.102757e+06,1.548198e+11
2.000000e+02,5.000000e+00,1.000000e+01,7.000000e+03,5.666667e+01,2.102757e+06,1.607645e+11
2.000000e+02,5.000000e+00,1.000000e+01,7.000000e+03,6.000000e+01,2.102757e+06,1.667092e+11
2.000000e+02,5.000000e+00,1.666667e+01,3.000000e+03,5.000000e+01,1.261654e+06,7.949573e+10
2.000000e+02,5.000000e+00,1.666667e+01,3.000000e+03,5.333333e+01,1.261654e+06,8.306345e+10
2.000000e+02,5.000000e+00,1.666667e+01,3.000000e+03,5.666667e+01,1.261654e+06,8.663118e+10
2.000000e+02,5.000000e+00,1.666667e+01,3.000000e+03,6.000000e+01,1.261654e+06,9.019890e+10
2.000000e+02,5.000000e+00,1.666667e+01,4.333333e+03,5.000000e+01,1.261654e+06,8.277957e+10
2.000000e+02,5.000000e+00,1.666667e+01,4.333333e+03,5.333333e+01,1.261654e+06,8.634729e+10
2.000000e+02,5.000000e+00,1.666667e+01,4.333333e+03,5.666667e+01,1.261654e+06,8.991501e+10
2.000000e+02,5.000000e+00,1.666667e+01,4.333333e+03,6.000000e+01,1.261654e+06,9.348273e+10
2.000000e+02,5.000000e+00,1.666667e+01,5.666667e+03,5.000000e+01,1.261654e+06,8.606341e+10
2.000000e+02,5.000000e+00,1.666667e+01,5.666667e+03,5.333333e+01,nan,nan
2.000000e+02,5.000000e+00,1.666667e+01,5.666667e+03,5.666667e+01,1.261654e+06,9.319885e+10
2.000000e+02,5.000000e+00,1.666667e+01,5.666667e+03,6.000000e+01,1.261654e+06,9.676657e+10
2.000000e+02,5.000000e+00,1.666667e+01,7.000000e+03,5.000000e+01,1.261654e+06,8.934725e+10
2.000000e+02,5.000000e+00,1.666667e+01,7.000000e+03,5.333333e+01,1.261654e+06,9.291497e+10
2.000000e+02,5.000000e+00,1.666667e+01,7.000000e+03,5.666667e+01,1.261654e+06,9.648269e+10
2.000000e+02,5.000000e+00,1.666667e+01,7.000000e+03,6.000000e+01,1.261654e+06,1.000504e+11
2.000000e+02,5.000000e+00,2.333333e+01,3.000000e+03,5.000000e+01,9.011817e+05,5.679414e+10
2.000000e+02,5.000000e+00,2.333333e+01,3.000000e+03,5.333333e+01,9.011817e+05,5.934303e+10
2.000000e+02,5.000000e+00,2.333333e+01,3.000000e+03,5.666667e+01,9.011817e+05,6.189191e+10
2.000000e+02,5.000000e+00,2.333333e+01,3.000000e+03,6.000000e+01,9.011817e+05,6.444080e+10
2.000000e+02,5.000000e+00,2.333333e+01,4.333333e+03,5.000000e+01,9.011817e+05,5.914021e+10
2.000000e+02,5.000000e+00,2.333333e+01,4.333333e+03,5.333333e+01,9.011817e+05,6.168910e+10
2.000000e+02,5.000000e+00,2.333333e+01,4.333333e+03,5.666667e+01,9.011817e+05,6.423799e+10
2.000000e+02,5.000000e+00,2.333333e+01,4.333333e+03,6.000000e+01,9.011817e+05,6.678687e+10
2.000000e+02,5.000000e+00,2.333333e+01,5.666667e+03,5.000000e+01,9.011817e+05,6.148628e+10
2.000000e+02,5.000000e+00,2.333333e+01,5.666667e+03,5.333333e+01,9.011817e+05,6.403517e+10
2.000000e+02,5.000000e+00,2.333333e+01,5.666667e+03,5.666667e+01,9.011817e+05,6.658406e+10
2.000000e+02,5.000000e+00,2.333333e+01,5.666667e+03,6.000000e+01,9.011817e+05,6.913294e+10
2.000000e+02,5.000000e+00,2.333333e+01,7.000000e+03,5.000000e+01,9.011817e+05,6.383236e+10
2.000000e+02,5.000000e+00,2.333333e+01,7.000000e+03,5.333333e+01,9.011817e+05,6.638124e+10
2.000000e+02,5.000000e+00,2.333333e+01,7.000000e+03,5.666667e+01,9.011817e+05,6.893013e+10
2.000000e+02,5.000000e+00,2.333333e+01,7.000000e+03,6.000000e+01,9.011817e+05,7.147902e+10
2.000000e+02,5.000000e+00,3.000000e+01,3.000000e+03,5.000000e+01,7.009191e+05,4.418093e+10
2.000000e+02,5.000000e+00,3.000000e+01,3.000000e+03,5.333333e+01,7.009191e+05,4.616375e+10
2.000000e+02,5.000000e+00,3.000000e+01,3.000000e+03,5.666667e+01,7.009191e+05,4.814656e+10
2.000000e+02,5.000000e+00,3.000000e+01,3.000000e+03,6.000000e+01,7.009191e+05,5.012938e+10
2.000000e+02,5.000000e+00,3.000000e+01,4.333333e+03,5.000000e+01,7.009191e+05,4.600598e+10
2.000000e+02,5.000000e+00,3.000000e+01,4.333333e+03,5.333333e+01,7.009191e+05,4.798879e+10
2.000000e+02,5.000000e+00,3.000000e+01,4.333333e+03,5.666667e+01,7.009191e+05,4.997160e+10
2.000000e+02,5.000000e+00,3.000000e+01,4.333333e+03,6.000000e+01,7.009191e+05,5.195442e+10
2.000000e+02,5.000000e+00,3.000000e+01,5.666667e+03,5.000000e+01,7.009191e+05,4.783102e+10
2.000000e+02,5.000000e+00,3.000000e+01,5.666667e+03,5.333333e+01,7.009191e+05,4.981383e+10
2.000000e+02,5.000000e+00,3.000000e+01,5.666667e+03,5.666667e+01,7.009191e+05,5.179665e+10
2.000000e+02,5.000000e+00,3.000000e+01,5.666667e+03,6.000000e+01,7.009191e+05,5.377946e+10
2.000000e+02,5.000000e+00,3.000000e+01,7.000000e+03,5.000000e+01,7.009191e+05,4.965606e+10
2.000000e+02,5.000000e+00,3.000000e+01,7.000000e+03,5.333333e+01,7.009191e+05,5.163887e+10
2.000000e+02,5.000000e+00,3.000000e+01,7.000000e+03,5.666667e+01,7.009191e+05,5.362169e+10
2.000000e+02,5.000000e+00,3.000000e+01,7.000000e+03,6.000000e+01,7.009191e+05,5.560450e+10
3.000000e+02,5.000000e-01,1.000000e+01,3.000000e+03,5.000000e+01,3.154422e+06,1.986768e+11
3.000000e+02,5.000000e-01,1.000000e+01,3.000000e+03,5.333333e+01,3.154422e+06,2.075933e+11
3.000000e+02,5.000000e-01,1.000000e+01,3.000000e+03,5.666667e+01,3.154422e+06,2.165098e+11
3.000000e+02,5.000000e-01,1.000000e+01,3.000000e+03,6.000000e+01,3.154422e+06,2.254263e+11
3.000000e+02,5.000000e-01,1.000000e+01,4.333333e+03,5.000000e+01,3.154422e+06,2.068838e+11
3.000000e+02,5.000000e-01,1.000000e+01,4.333333e+03,5.333333e+01,3.154422e+06,2.158003e+11
3.000000e+02,5.000000e-01,1.000000e+01,4.333333e+03,5.666667e+01,3.154422e+06,2.247168e+11
3.000000e+02,5.000000e-01,1.000000e+01,4.333333e+03,6.000000e+01,3.154422e+06,2.336333e+11
3.000000e+02,5.000000e-01,1.000000e+01,5.666667e+03,5.000000e+01,3.154422e+06,2.150908e+11
3.000000e+02,5.000000e-01,1.000000e+01,5.666667e+03,5.333333e+01,3.154422e+06,2.240073e+11
3.000000e+02,5.000000e-01,1.000000e+01,5.666667e+03,5.666667e+01,3.154422e+06,2.329238e+11
3.000000e+02,5.000000e-01,1.000000e+01,5.666667e+03,6.000000e+01,3.154422e+06,2.418403e+11
3.000000e+02,5.000000e-01,1.000000e+01,7.000000e+03,5.000000e+01,3.154422e+06,2.232978e+11
3.000000e+02,5.000000e-01,1.000000e+01,7.000000e+03,5.333333e+01,3.154422e+06,2.322143e+11
3.000000e+02,5.000000e-01,1.000000e+01,7.000000e+03,5.666667e+01,3.154422e+06,2.411308e+11
3.000000e+02,5.000000e-01,1.000000e+01,7.000000e+03,6.000000e+01,3.154422e+06,2.500473e+11
3.000000e+02,5.000000e-01,1.666667e+01,3.000000e+03,5.000000e+01,1.892653e+06,1.192303e+11
3.000000e+02,5.000000e-01,1.666667e+01,3.000000e+03,5.333333e+01,1.892653e+06,1.245813e+11
3.000000e+02,5.000000e-01,1.666667e+01,3.000000e+03,5.666667e+01,1.892653e+06,1.299322e+11
3.000000e+02,5.000000e-01,1.666667e+01,3.000000e+03,6.000000e+01,1.892653e+06,1.352832e+11
3.000000e+02,5.000000e-01,1.666667e+01,4.333333e+03,5.000000e+01,1.892653e+06,1.241555e+11
3.000000e+02,5.000000e-01,1.666667e+01,4.333333e+03,5.333333e+01,1.892653e+06,1.295065e+11
3.000000e+02,5.000000e-01,1.666667e+01,4.333333e+03,5.666667e+01,1.892653e+06,1.348574e+11
3.000000e+02,5.000000e-01,1.666667e+01,4.333333e+03,6.000000e+01,1.892653e+06,1.402084e+11
3.000000e+02,5.000000e-01,1.666667e+01,5.666667e+03,5.000000e+01,1.892653e+06,1.290807e+11
3.000000e+02,5.000000e-01,1.666667e+01,5.666667e+03,5.333333e+01,1.892653e+06,1.344317e+11
3.000000e+02,5.000000e-01,1.666667e+01,5.666667e+03,5.666667e+01,1.892653e+06,1.397826e+11
3.000000e+02,5.000000e-01,1.666667e+01,5.666667e+03,6.000000e+01,1.892653e+06,1.451336e+11
3.000000e+02,5.000000e-01,1.666667e+01,7.000000e+03,5.000000e+01,1.892653e+06,1.340059e+11
3.000000e+02,5.000000e-01,1.666667e+01,7.000000e+03,5.333333e+01,1.892653e+06,1.393569e+11
3.000000e+02,5.000000e-01,1.666667e+01,7.000000e+03,5.666667e+01,1.892653e+06,1.447079e+11
3.000000e+02,5.000000e-01,1.666667e+01,7.000000e+03,6.000000e+01,1.892653e+06,1.500588e+11
3.000000e+02,5.000000e-01,2.333333e+01,3.000000e+03,5.000000e+01,1.351895e+06,8.517853e+10
3.000000e+02,5.000000e-01,2.333333e+01,3.000000e+03,5.333333e+01,1.351895e+06,8.900129e+10
3.000000e+02,5.000000e-01,2.333333e+01,3.000000e+03,5.666667e+01,1.351895e+06,9.282405e+10
3.000000e+02,5.000000e-01,2.333333e+01,3.000000e+03,6.000000e+01,1.351895e+06,9.664681e+10
3.000000e+02,5.000000e-01,2.333333e+01,4.333333e+03,5.000000e+01,1.351895e+06,8.869711e+10
3.000000e+02,5.000000e-01,2.333333e+01,4.333333e+03,5.333333e+01,nan,nan
3.000000e+02,5.000000e-01,2.333333e+01,4.333333e+03,5.666667e+01,1.351895e+06,9.634264e+10
3.000000e+02,5.000000e-01,2.333333e+01,4.333333e+03,6.000000e+01,1.351895e+06,1.001654e+11
3.000000e+02,5.000000e-01,2.333333e+01,5.666667e+03,5.000000e+01,nan,nan
3.000000e+02,5.000000e-01,2.333333e+01,5.666667e+03,5.333333e+01,1.351895e+06,9.603846e+10
3.000000e+02,5.000000e-01,2.333333e+01,5.666667e+03,5.666667e+01,1.351895e+06,9.986122e+10
3.000000e+02,5.000000e-01,2.333333e+01,5.666667e+03,6.000000e+01,1.351895e+06,1.036840e+11
3.000000e+02,5.000000e-01,2.333333e+01,7.000000e+03,5.000000e+01,1.351895e+06,9.573428e+10
3.000000e+02,5.000000e-01,2.333333e+01,7.000000e+03,5.333333e+01,1.351895e+06,9.955704e+10
3.000000e+02,5.000000e-01,2.333333e+01,7.000000e+03,5.666667e+01,1.351895e+06,1.033798e+11
3.000000e+02,5.000000e-01,2.333333e+01,7.000000e+03,6.000000e+01,1.351895e+06,1.072026e+11
3.000000e+02,5.000000e-01,3.000000e+01,3.000000e+03,5.000000e+01,1.051474e+06,6.625942e+10
3.000000e+02,5.000000e-01,3.000000e+01,3.000000e+03,5.333333e+01,1.051474e+06,6.923310e+10
3.000000e+02,5.000000e-01,3.000000e+01,3.000000e+03,5.666667e+01,1.051474e+06,7.220678e+10
3.000000e+02,5.000000e-01,3.000000e+01,3.000000e+03,6.000000e+01,1.051474e+06,7.518047e+10
3.000000e+02,5.000000e-01,3.000000e+01,4.333333e+03,5.000000e+01,1.051474e+06,6.899648e+10
3.000000e+02,5.000000e-01,3.000000e+01,4.333333e+03,5.333333e+01,1.051474e+06,7.197017e+10
3.000000e+02,5.000000e-01,3.000000e+01,4.333333e+03,5.666667e+01,1.051474e+06,7.494385e+10
3.000000e+02,5.000000e-01,3.000000e+01,4.333333e+03,6.000000e+01,1.051474e+06,7.791753e+10
3.000000e+02,5.000000e-01,3.000000e+01,5.666667e+03,5.000000e+01,1.051474e+06,7.173355e+10
3.000000e+02,5.000000e-01,3.000000e+01,5.666667e+03,5.333333e+01,1.051474e+06,7.470723e+10
3.000000e+02,5.000000e-01,3.000000e+01,5.666667e+03,5.666667e+01,1.051474e+06,7.768092e+10
3.000000e+02,5.000000e-01,3.000000e+01,5.666667e+03,6.000000e+01,1.051474e+06,8.065460e+10
3.000000e+02,5.000000e-01,3.000000e+01,7.000000e+03,5.000000e+01,1.051474e+06,7.447062e+10
3.000000e+02,5.000000e-01,3.000000e+01,7.000000e+03,5.333333e+01,1.051474e+06,7.744430e+10
3.000000e+02,5.000000e-01,3.000000e+01,7.000000e+03,5.666667e+01,1.051474e+06,8.041799e+10
3.000000e+02,5.000000e-01,3.000000e+01,7.000000e+03,6.000000e+01,1.051474e+06,8.339167e+10
3.000000e+02,2.000000e+00,1.000000e+01,3.000000e+03,5.000000e+01,3.154326e+06,1.986708e+11
3.000000e+02,2.000000e+00,1.000000e+01,3.000000e+03,5.333333e+01,3.154326e+06,2.075870e+11
3.000000e+02,2.000000e+00,1.000000e+01,3.000000e+03,5.666667e+01,3.154326e+06,2.165032e+11
3.000000e+02,2.000000e+00,1.000000e+01,3.000000e+03,6.000000e+01,3.154326e+06,2.254195e+11
3.000000e+02,2.000000e+00,1.000000e+01,4.333333e+03,5.000000e+01,3.154326e+06,2.068775e+11
3.000000e+02,2.000000e+00,1.000000e+01,4.333333e+03,5.333333e+01,3.154326e+06,2.157938e+11
3.000000e+02,2.000000e+00,1.000000e+01,4.333333e+03,5.666667e+01,3.154326e+06,2.247100e+11
3.000000e+02,2.000000e+00,1.000000e+01,4.333333e+03,6.000000e+01,3.154326e+06,2.336262e+11
3.000000e+02,2.000000e+00,1.000000e+01,5.666667e+03,5.000000e+01,3.154326e+06,2.150843e+11
3.000000e+02,2.000000e+00,1.000000e+01,5.666667e+03,5.333333e+01,3.154326e+06,2.240005e+11
3.000000e+02,2.000000e+00,1.000000e+01,5.666667e+03,5.666667e+01,3.154326e+06,2.329168e+11
3.000000e+02,2.000000e+00,1.000000e+01,5.666667e+03,6.000000e+01,3.154326e+06,2.418330e+11
3.000000e+02,2.000000e+00,1.000000e+01,7.000000e+03,5.000000e+01,3.154326e+06,2.232911e+11
3.000000e+02,2.000000e+00,1.000000e+01,7.000000e+03,5.333333e+01,3.154326e+06,2.322073e+11
3.000000e+02,2.000000e+00,1.000000e+01,7.000000e+03,5.666667e+01,3.154326e+06,2.411235e+11
3.000000e+02,2.000000e+00,1.000000e+01,7.000000e+03,6.000000e+01,3.154326e+06,2.500397e+11
3.000000e+02,2.000000e+00,1.666667e+01,3.000000e+03,5.000000e+01,1.892596e+06,1.192267e+11
3.000000e+02,2.000000e+00,1.666667e+01,3.000000e+03,5.333333e+01,1.892596e+06,1.245775e+11
3.000000e+02,2.000000e+00,1.666667e+01,3.000000e+03,5.666667e+01,1.892596e+06,1.299283e+11
3.000000e+02,2.000000e+00,1.666667e+01,3.000000e+03,6.000000e+01,1.892596e+06,1.352791e+11
3.000000e+02,2.000000e+00,1.666667e+01,4.333333e+03,5.000000e+01,1.892596e+06,1.241517e+11
3.000000e+02,2.000000e+00,1.666667e+01,4.333333e+03,5.333333e+01,1.892596e+06,1.295025e+11
3.000000e+02,2.000000e+00,1.666667e+01,4.333333e+03,5.666667e+01,1.892596e+06,1.348534e+11
3.000000e+02,2.000000e+00,1.666667e+01,4.333333e+03,6.000000e+01,1.892596e+06,1.402042e+11
3.000000e+02,2.000000e+00,1.666667e+01,5.666667e+03,5.000000e+01,1.892596e+06,1.290768e+11
3.000000e+02,2.000000e+00,1.666667e+01,5.666667e+03,5.333333e+01,1.892596e+06,1.344276e+11
3.000000e+02,2.000000e+00,1.666667e+01,5.666667e+03,5.666667e+01,1.892596e+06,1.397784e+11
3.000000e+02,2.000000e+00,1.666667e+01,5.666667e+03,6.000000e+01,1.892596e+06,1.451292e+11
3.000000e+02,2.000000e+00,1.666667e+01,7.000000e+03,5.000000e+01,1.892596e+06,1.340018e+11
3.000000e+02,2.000000e+00,1.666667e+01,7.000000e+03,5.333333e+01,1.892596e+06,1.393527e+11
3.000000e+02,2.000000e+00,1.666667e+01,7.000000e+03,5.666667e+01,1.892596e+06,1.447035e+11
3.000000e+02,2.000000e+00,1.666667e+01,7.000000e+03,6.000000e+01,1.892596e+06,1.500543e+11
3.000000e+02,2.000000e+00,2.333333e+01,3.000000e+03,5.000000e+01,1.351854e+06,8.517596e+10
3.000000e+02,2.000000e+00,2.333333e+01,3.000000e+03,5.333333e+01,1.351854e+06,8.899860e+10
3.000000e+02,2.000000e+00,2.333333e+01,3.000000e+03,5.666667e+01,1.351854e+06,9.282125e+10
3.000000e+02,2.000000e+00,2.333333e+01,3.000000e+03,6.000000e+01,1.351854e+06,9.664390e+10
3.000000e+02,2.000000e+00,2.333333e+01,4.333333e+03,5.000000e+01,1.351854e+06,8.869444e+10
3.000000e+02,2.000000e+00,2.333333e+01,4.333333e+03,5.333333e+01,1.351854e+06,9.251708e+10
3.000000e+02,2.000000e+00,2.333333e+01,4.333333e+03,5.666667e+01,1.351854e+06,9.633973e+10
3.000000e+02,2.000000e+00,2.333333e+01,4.333333e+03,6.000000e+01,1.351854e+06,1.001624e+11
3.000000e+02,2.000000e+00,2.333333e+01,5.666667e+03,5.000000e+01,1.351854e+06,9.221291e+10
3.000000e+02,2.000000e+00,2.333333e+01,5.666667e+03,5.333333e+01,1.351854e+06,9.603556e+10
3.000000e+02,2.000000e+00,2.333333e+01,5.666667e+03,5.666667e+01,1.351854e+06,9.985821e+10
3.000000e+02,2.000000e+00,2.333333e+01,5.666667e+03,6.000000e+01,1.351854e+06,1.036809e+11
3.000000e+02,2.000000e+00,2.333333e+01,7.000000e+03,5.000000e+01,1.351854e+06,9.573139e+10
3.000000e+02,2.000000e+00,2.333333e+01,7.000000e+03,5.333333e+01,1.351854e+06,9.955404e+10
3.000000e+02,2.000000e+00,2.333333e+01,7.000000e+03,5.666667e+01,1.351854e+06,1.033767e+11
3.000000e+02,2.000000e+00,2.333333e+01,7.000000e+03,6.000000e+01,1.351854e+06,1.071993e+11
3.000000e+02,2.000000e+00,3.000000e+01,3.000000e+03,5.000000e+01,1.051442e+06,6.625742e+10
3.000000e+02,2.000000e+00,3.000000e+01,3.000000e+03,5.333333e+01,1.051442e+06,6.923101e+10
3.000000e+02,2.000000e+00,3.000000e+01,3.000000e+03,5.666667e+01,nan,nan
3.000000e+02,2.000000e+00,3.000000e+01,3.000000e+03,6.000000e+01,1.051442e+06,7.517820e+10
3.000000e+02,2.000000e+00,3.000000e+01,4.333333e+03,5.000000e+01,1.051442e+06,6.899440e+10
3.000000e+02,2.000000e+00,3.000000e+01,4.333333e+03,5.333333e+01,1.051442e+06,7.196799e+10
3.000000e+02,2.000000e+00,3.000000e+01,4.333333e+03,5.666667e+01,1.051442e+06,7.494159e+10
3.000000e+02,2.000000e+00,3.000000e+01,4.333333e+03,6.000000e+01,1.051442e+06,7.791518e+10
3.000000e+02,2.000000e+00,3.000000e+01,5.666667e+03,5.000000e+01,1.051442e+06,7.173139e+10
3.000000e+02,2.000000e+00,3.000000e+01,5.666667e+03,5.333333e+01,nan,nan
3.000000e+02,2.000000e+00,3.000000e+01,5.666667e+03,5.666667e+01,1.051442e+06,7.767857e+10
3.000000e+02,2.000000e+00,3.000000e+01,5.666667e+03,6.000000e+01,1.051442e+06,8.065217e+10
3.000000e+02,2.000000e+00,3.000000e+01,7.000000e+03,5.000000e+01,1.051442e+06,7.446837e+10
3.000000e+02,2.000000e+00,3.000000e+01,7.000000e+03,5.333333e+01,1.051442e+06,7.744196e+10
3.000000e+02,2.000000e+00,3.000000e+01,7.000000e+03,5.666667e+01,1.051442e+06,8.041556e+10
3.000000e+02,2.000000e+00,3.000000e+01,7.000000e+03,6.000000e+01,1.051442e+06,8.338915e+10
3.000000e+02,3.500000e+00,1.000000e+01,3.000000e+03,5.000000e+01,3.154231e+06,1.986648e+11
3.000000e+02,3.500000e+00,1.000000e+01,3.000000e+03,5.333333e+01,3.154231e+06,2.075807e+11
3.000000e+02,3.500000e+00,1.000000e+01,3.000000e+03,5.666667e+01,3.154231e+06,2.164967e+11
3.000000e+02,3.500000e+00,1.000000e+01,3.000000e+03,6.000000e+01,3.154231e+06,2.254127e+11
3.000000e+02,3.500000e+00,1.000000e+01,4.333333e+03,5.000000e+01,3.154231e+06,2.068713e+11
3.000000e+02,3.500000e+00,1.000000e+01,4.333333e+03,5.333333e+01,3.154231e+06,2.157873e+11
3.000000e+02,3.500000e+00,1.000000e+01,4.333333e+03,5.666667e+01,3.154231e+06,2.247032e+11
3.000000e+02,3.500000e+00,1.000000e+01,4.333333e+03,6.000000e+01,3.154231e+06,2.336192e+11
3.000000e+02,3.500000e+00,1.000000e+01,5.666667e+03,5.000000e+01,3.154231e+06,2.150778e+11
3.000000e+02,3.500000e+00,1.000000e+01,5.666667e+03,5.333333e+01,3.154231e+06,2.239938e+11
3.000000e+02,3.500000e+00,1.000000e+01,5.666667e+03,5.666667e+01,3.154231e+06,2.329097e+11
3.000000e+02,3.500000e+00,1.000000e+01,5.666667e+03,6.000000e+01,3.154231e+06,2.418257e+11
3.000000e+02,3.500000e+00,1.000000e+01,7.000000e+03,5.000000e+01,3.154231e+06,2.232843e+11
3.000000e+02,3.500000e+00,1.000000e+01,7.000000e+03,5.333333e+01,3.154231e+06,2.322003e+11
3.000000e+02,3.500000e+00,1.000000e+01,7.000000e+03,5.666667e+01,3.154231e+06,2.411162e+11
3.000000e+02,3.500000e+00,1.000000e+01,7.000000e+03,6.000000e+01,3.154231e+06,2.500322e+11
3.000000e+02,3.500000e+00,1.666667e+01,3.000000e+03,5.000000e+01,1.892539e+06,1.192231e+11
3.000000e+02,3.500000e+00,1.666667e+01,3.000000e+03,5.333333e+01,nan,nan
3.000000e+02,3.500000e+00,1.666667e+01,3.000000e+03,5.666667e+01,nan,nan
3.000000e+02,3.500000e+00,1.666667e+01,3.000000e+03,6.000000e+01,nan,nan
3.000000e+02,3.500000e+00,1.666667e+01,4.333333e+03,5.000000e+01,nan,nan
3.000000e+02,3.500000e+00,1.666667e+01,4.333333e+03,5.333333e+01,nan,nan
3.000000e+02,3.500000e+00,1.666667e+01,4.333333e+03,5.666667e+01,nan,nan
3.000000e+02,3.500000e+00,1.666667e+01,4.333333e+03,6.000000e+01,1.892539e+06,1.402000e+11
3.000000e+02,3.500000e+00,1.666667e+01,5.666667e+03,5.000000e+01,1.892539e+06,1.290729e+11
3.000000e+02,3.500000e+00,1.666667e+01,5.666667e+03,5.333333e+01,nan,nan
3.000000e+02,3.500000e+00,1.666667e+01,5.666667e+03,5.666667e+01,1.892539e+06,1.397742e+11
3.000000e+02,3.500000e+00,1.666667e+01,5.666667e+03,6.000000e+01,1.892539e+06,1.451249e+11
3.000000e+02,3.500000e+00,1.666667e+01,7.000000e+03,5.000000e+01,1.892539e+06,1.339978e+11
3.000000e+02,3.500000e+00,1.666667e+01,7.000000e+03,5.333333e+01,1.892539e+06,1.393485e+11
3.000000e+02,3.500000e+00,1.666667e+01,7.000000e+03,5.666667e+01,1.892539e+06,1.446991e+11
3.000000e+02,3.500000e+00,1.666667e+01,7.000000e+03,6.000000e+01,1.892539e+06,1.500498e+11
3.000000e+02,3.500000e+00,2.333333e+01,3.000000e+03,5.000000e+01,1.351813e+06,8.517339e+10
3.000000e+02,3.500000e+00,2.333333e+01,3.000000e+03,5.333333e+01,1.351813e+06,8.899592e+10
3.000000e+02,3.500000e+00,2.333333e+01,3.000000e+03,5.666667e+01,1.351813e+06,9.281845e+10
3.000000e+02,3.500000e+00,2.333333e+01,3.000000e+03,6.000000e+01,1.351813e+06,9.664098e+10
3.000000e+02,3.500000e+00,2.333333e+01,4.333333e+03,5.000000e+01,1.351813e+06,8.869176e+10
3.000000e+02,3.500000e+00,2.333333e+01,4.333333e+03,5.333333e+01,1.351813e+06,9.251429e+10
3.000000e+02,3.500000e+00,2.333333e+01,4.333333e+03,5.666667e+01,1.351813e+06,9.633682e+10
3.000000e+02,3.500000e+00,2.333333e+01,4.333333e+03,6.000000e+01,1.351813e+06,1.001594e+11
3.000000e+02,3.500000e+00,2.333333e+01,5.666667e+03,5.000000e+01,1.351813e+06,9.221013e+10
3.000000e+02,3.500000e+00,2.333333e+01,5.666667e+03,5.333333e+01,1.351813e+06,9.603266e+10
3.000000e+02,3.500000e+00,2.333333e+01,5.666667e+03,5.666667e+01,1.351813e+06,9.985519e+10
3.000000e+02,3.500000e+00,2.333333e+01,5.666667e+03,6.000000e+01,1.351813e+06,1.036777e+11
3.000000e+02,3.500000e+00,2.333333e+01,7.000000e+03,5.000000e+01,1.351813e+06,9.572850e+10
3.000000e+02,3.500000e+00,2.333333e+01,7.000000e+03,5.333333e+01,1.351813e+06,9.955103e+10
3.000000e+02,3.500000e+00,2.333333e+01,7.000000e+03,5.666667e+01,1.351813e+06,1.033736e+11
3.000000e+02,3.500000e+00,2.333333e+01,7.000000e+03,6.000000e+01,1.351813e+06,1.071961e+11
3.000000e+02,3.500000e+00,3.000000e+01,3.000000e+03,5.000000e+01,1.051410e+06,6.625542e+10
3.000000e+02,3.500000e+00,3.000000e+01,3.000000e+03,5.333333e+01,1.051410e+06,6.922892e+10
3.000000e+02,3.500000e+00,3.000000e+01,3.000000e+03,5.666667e+01,1.051410e+06,7.220242e+10
3.000000e+02,3.500000e+00,3.000000e+01,3.000000e+03,6.000000e+01,1.051410e+06,7.517593e+10
3.000000e+02,3.500000e+00,3.000000e+01,4.333333e+03,5.000000e+01,1.051410e+06,6.899232e+10
3.000000e+02,3.500000e+00,3.000000e+01,4.333333e+03,5.333333e+01,1.051410e+06,7.196582e+10
3.000000e+02,3.500000e+00,3.000000e+01,4.333333e+03,5.666667e+01,1.051410e+06,7.493933e+10
3.000000e+02,3.500000e+00,3.000000e+01,4.333333e+03,6.000000e+01,1.051410e+06,7.791283e+10
3.000000e+02,3.500000e+00,3.000000e+01,5.666667e+03,5.000000e+01,1.051410e+06,7.172922e+10
3.000000e+02,3.500000e+00,3.000000e+01,5.666667e+03,5.333333e+01,1.051410e+06,7.470272e+10
3.000000e+02,3.500000e+00,3.000000e+01,5.666667e+03,5.666667e+01,1.051410e+06,7.767623e+10
3.000000e+02,3.500000e+00,3.000000e+01,5.666667e+03,6.000000e+01,1.051410e+06,8.064973e+10
3.000000e+02,3.500000e+00,3.000000e+01,7.000000e+03,5.000000e+01,1.051410e+06,7.446612e+10
3.000000e+02,3.500000e+00,3.000000e+01,7.000000e+03,5.333333e+01,1.051410e+06,7.743963e+10
3.000000e+02,3.500000e+00,3.000000e+01,7.000000e+03,5.666667e+01,1.051410e+06,8.041313e+10
3.000000e+02,3.500000e+00,3.000000e+01,7.000000e+03,6.000000e+01,1.051410e+06,8.338663e+10
3.000000e+02,5.000000e+00,1.000000e+01,3.000000e+03,5.000000e+01,3.154136e+06,1.986588e+11
3.000000e+02,5.000000e+00,1.000000e+01,3.000000e+03,5.333333e+01,3.154136e+06,2.075745e+11
3.000000e+02,5.000000e+00,1.000000e+01,3.000000e+03,5.666667e+01,3.154136e+06,2.164902e+11
3.000000e+02,5.000000e+00,1.000000e+01,3.000000e+03,6.000000e+01,3.154136e+06,2.254058e+11
3.000000e+02,5.000000e+00,1.000000e+01,4.333333e+03,5.000000e+01,3.154136e+06,2.068650e+11
3.000000e+02,5.000000e+00,1.000000e+01,4.333333e+03,5.333333e+01,3.154136e+06,2.157807e+11
3.000000e+02,5.000000e+00,1.000000e+01,4.333333e+03,5.666667e+01,3.154136e+06,2.246964e+11
3.000000e+02,5.000000e+00,1.000000e+01,4.333333e+03,6.000000e+01,3.154136e+06,2.336121e+11
3.000000e+02,5.000000e+00,1.000000e+01,5.666667e+03,5.000000e+01,3.154136e+06,2.150713e+11
3.000000e+02,5.000000e+00,1.000000e+01,5.666667e+03,5.333333e+01,3.154136e+06,2.239870e+11
3.000000e+02,5.000000e+00,1.000000e+01,5.666667e+03,5.666667e+01,3.154136e+06,2.329027e+11
3.000000e+02,5.000000e+00,1.000000e+01,5.666667e+03,6.000000e+01,3.154136e+06,2.418184e+11
3.000000e+02,5.000000e+00,1.000000e+01,7.000000e+03,5.000000e+01,3.154136e+06,2.232776e+11
3.000000e+02,5.000000e+00,1.000000e+01,7.000000e+03,5.333333e+01,3.154136e+06,2.321933e+11
3.000000e+02,5.000000e+00,1.000000e+01,7.000000e+03,5.666667e+01,3.154136e+06,2.411090e+11
3.000000e+02,5.000000e+00,1.000000e+01,7.000000e+03,6.000000e+01,3.154136e+06,2.500246e+11
3.000000e+02,5.000000e+00,1.666667e+01,3.000000e+03,5.000000e+01,1.892482e+06,1.192195e+11
3.000000e+02,5.000000e+00,1.666667e+01,3.000000e+03,5.333333e+01,1.892482e+06,1.245700e+11
3.000000e+02,5.000000e+00,1.666667e+01,3.000000e+03,5.666667e+01,1.892482e+06,1.299205e+11
3.000000e+02,5.000000e+00,1.666667e+01,3.000000e+03,6.000000e+01,1.892482e+06,1.352710e+11
3.000000e+02,5.000000e+00,1.666667e+01,4.333333e+03,5.000000e+01,1.892482e+06,1.241442e+11
3.000000e+02,5.000000e+00,1.666667e+01,4.333333e+03,5.333333e+01,1.892482e+06,1.294947e+11
3.000000e+02,5.000000e+00,1.666667e+01,4.333333e+03,5.666667e+01,1.892482e+06,1.348452e+11
3.000000e+02,5.000000e+00,1.666667e+01,4.333333e+03,6.000000e+01,1.892482e+06,1.401957e+11
3.000000e+02,5.000000e+00,1.666667e+01,5.666667e+03,5.000000e+01,1.892482e+06,1.290690e+11
3.000000e+02,5.000000e+00,1.666667e+01,5.666667e+03,5.333333e+01,1.892482e+06,1.344195e+11
3.000000e+02,5.000000e+00,1.666667e+01,5.666667e+03,5.666667e+01,1.892482e+06,1.397700e+11
3.000000e+02,5.000000e+00,1.666667e+01,5.666667e+03,6.000000e+01,1.892482e+06,1.451205e+11
3.000000e+02,5.000000e+00,1.666667e+01,7.000000e+03,5.000000e+01,1.892482e+06,1.339938e+11
3.000000e+02,5.000000e+00,1.666667e+01,7.000000e+03,5.333333e+01,1.892482e+06,1.393442e+11
3.000000e+02,5.000000e+00,1.666667e+01,7.000000e+03,5.666667e+01,1.892482e+06,1.446947e+11
3.000000e+02,5.000000e+00,1.666667e+01,7.000000e+03,6.000000e+01,1.892482e+06,1.500452e+11
3.000000e+02,5.000000e+00,2.333333e+01,3.000000e+03,5.000000e+01,1.351773e+06,8.517081e+10
3.000000e+02,5.000000e+00,2.333333e+01,3.000000e+03,5.333333e+01,1.351773e+06,8.899323e+10
3.000000e+02,5.000000e+00,2.333333e+01,3.000000e+03,5.666667e+01,1.351773e+06,9.281565e+10
3.000000e+02,5.000000e+00,2.333333e+01,3.000000e+03,6.000000e+01,1.351773e+06,9.663806e+10
3.000000e+02,5.000000e+00,2.333333e+01,4.333333e+03,5.000000e+01,1.351773e+06,8.868908e+10
3.000000e+02,5.000000e+00,2.333333e+01,4.333333e+03,5.333333e+01,1.351773e+06,9.251150e+10
3.000000e+02,5.000000e+00,2.333333e+01,4.333333e+03,5.666667e+01,1.351773e+06,9.633391e+10
3.000000e+02,5.000000e+00,2.333333e+01,4.333333e+03,6.000000e+01,1.351773e+06,1.001563e+11
3.000000e+02,5.000000e+00,2.333333e+01,5.666667e+03,5.000000e+01,1.351773e+06,9.220735e+10
3.000000e+02,5.000000e+00,2.333333e+01,5.666667e+03,5.333333e+01,1.351773e+06,9.602976e+10
3.000000e+02,5.000000e+00,2.333333e+01,5.666667e+03,5.666667e+01,1.351773e+06,9.985218e+10
3.000000e+02,5.000000e+00,2.333333e+01,5.666667e+03,6.000000e+01,1.351773e+06,1.036746e+11
3.000000e+02,5.000000e+00,2.333333e+01,7.000000e+03,5.000000e+01,1.351773e+06,9.572561e+10
3.000000e+02,5.000000e+00,2.333333e+01,7.000000e+03,5.333333e+01,1.351773e+06,9.954803e+10
3.000000e+02,5.000000e+00,2.333333e+01,7.000000e+03,5.666667e+01,1.351773e+06,1.033704e+11
3.000000e+02,5.000000e+00,2.333333e+01,7.000000e+03,6.000000e+01,1.351773e+06,1.071929e+11
3.000000e+02,5.000000e+00,3.000000e+01,3.000000e+03,5.000000e+01,1.051379e+06,6.625342e+10
3.000000e+02,5.000000e+00,3.000000e+01,3.000000e+03,5.333333e+01,1.051379e+06,6.922683e+10
3.000000e+02,5.000000e+00,3.000000e+01,3.000000e+03,5.666667e+01,1.051379e+06,7.220024e+10
3.000000e+02,5.000000e+00,3.000000e+01,3.000000e+03,6.000000e+01,1.051379e+06,7.517366e+10
3.000000e+02,5.000000e+00,3.000000e+01,4.333333e+03,5.000000e+01,1.051379e+06,6.899024e+10
3.000000e+02,5.000000e+00,3.000000e+01,4.333333e+03,5.333333e+01,1.051379e+06,7.196365e+10
3.000000e+02,5.000000e+00,3.000000e+01,4.333333e+03,5.666667e+01,1.051379e+06,7.493706e+10
3.000000e+02,5.000000e+00,3.000000e+01,4.333333e+03,6.000000e+01,1.051379e+06,7.791048e+10
3.000000e+02,5.000000e+00,3.000000e+01,5.666667e+03,5.000000e+01,1.051379e+06,7.172706e+10
3.000000e+02,5.000000e+00,3.000000e+01,5.666667e+03,5.333333e+01,1.051379e+06,7.470047e+10
3.000000e+02,5.000000e+00,3.000000e+01,5.666667e+03,5.666667e+01,1.051379e+06,7.767388e+10
3.000000e+02,5.000000e+00,3.000000e+01,5.666667e+03,6.000000e+01,1.051379e+06,8.064730e+10
3.000000e+02,5.000000e+00,3.000000e+01,7.000000e+03,5.000000e+01,1.051379e+06,7.446388e+10
3.000000e+02,5.000000e+00,3.000000e+01,7.000000e+03,5.333333e+01,1.051379e+06,7.743729e+10
3.000000e+02,5.000000e+00,3.000000e+01,7.000000e+03,5.666667e+01,1.051379e+06,8.041070e+10
3.000000e+02,5.000000e+00,3.000000e+01,7.000000e+03,6.000000e+01,1.051379e+06,8.338412e+10
4.000000e+02,5.000000e-01,1.000000e+01,3.000000e+03,5.000000e+01,4.205896e+06,2.648776e+11
4.000000e+02,5.000000e-01,1.000000e+01,3.000000e+03,5.333333e+01,4.205896e+06,2.767652e+11
4.000000e+02,5.000000e-01,1.000000e+01,3.000000e+03,5.666667e+01,4.205896e+06,2.886527e+11
4.000000e+02,5.000000e-01,1.000000e+01,3.000000e+03,6.000000e+01,4.205896e+06,3.005403e+11
4.000000e+02,5.000000e-01,1.000000e+01,4.333333e+03,5.000000e+01,4.205896e+06,2.758193e+11
4.000000e+02,5.000000e-01,1.000000e+01,4.333333e+03,5.333333e+01,4.205896e+06,2.877068e+11
4.000000e+02,5.000000e-01,1.000000e+01,4.333333e+03,5.666667e+01,4.205896e+06,2.995944e+11
4.000000e+02,5.000000e-01,1.000000e+01,4.333333e+03,6.000000e+01,4.205896e+06,3.114819e+11
4.000000e+02,5.000000e-01,1.000000e+01,5.666667e+03,5.000000e+01,4.205896e+06,2.867609e+11
4.000000e+02,5.000000e-01,1.000000e+01,5.666667e+03,5.333333e+01,4.205896e+06,2.986485e+11
4.000000e+02,5.000000e-01,1.000000e+01,5.666667e+03,5.666667e+01,4.205896e+06,3.105360e+11
4.000000e+02,5.000000e-01,1.000000e+01,5.666667e+03,6.000000e+01,4.205896e+06,3.224236e+11
4.000000e+02,5.000000e-01,1.000000e+01,7.000000e+03,5.000000e+01,4.205896e+06,2.977026e+11
4.000000e+02,5.000000e-01,1.000000e+01,7.000000e+03,5.333333e+01,4.205896e+06,3.095901e+11
4.000000e+02,5.000000e-01,1.000000e+01,7.000000e+03,5.666667e+01,4.205896e+06,3.214777e+11
4.000000e+02,5.000000e-01,1.000000e+01,7.000000e+03,6.000000e+01,4.205896e+06,3.333652e+11
4.000000e+02,5.000000e-01,1.666667e+01,3.000000e+03,5.000000e+01,2.523537e+06,1.589545e+11
4.000000e+02,5.000000e-01,1.666667e+01,3.000000e+03,5.333333e+01,2.523537e+06,1.660883e+11
4.000000e+02,5.000000e-01,1.666667e+01,3.000000e+03,5.666667e+01,2.523537e+06,1.732221e+11
4.000000e+02,5.000000e-01,1.666667e+01,3.000000e+03,6.000000e+01,2.523537e+06,1.803559e+11
4.000000e+02,5.000000e-01,1.666667e+01,4.333333e+03,5.000000e+01,2.523537e+06,1.655207e+11
4.000000e+02,5.000000e-01,1.666667e+01,4.333333e+03,5.333333e+01,2.523537e+06,1.726544e+11
4.000000e+02,5.000000e-01,1.666667e+01,4.333333e+03,5.666667e+01,2.523537e+06,1.797882e+11
4.000000e+02,5.000000e-01,1.666667e+01,4.333333e+03,6.000000e+01,2.523537e+06,1.869220e+11
4.000000e+02,5.000000e-01,1.666667e+01,5.666667e+03,5.000000e+01,2.523537e+06,1.720868e+11
4.000000e+02,5.000000e-01,1.666667e+01,5.666667e+03,5.333333e+01,2.523537e+06,1.792206e+11
4.000000e+02,5.000000e-01,1.666667e+01,5.666667e+03,5.666667e+01,2.523537e+06,1.863544e+11
4.000000e+02,5.000000e-01,1.666667e+01,5.666667e+03,6.000000e+01,2.523537e+06,1.934882e+11
4.000000e+02,5.000000e-01,1.666667e+01,7.000000e+03,5.000000e+01,2.523537e+06,1.786530e+11
4.000000e+02,5.000000e-01,1.666667e+01,7.000000e+03,5.333333e+01,2.523537e+06,1.857867e+11
4.000000e+02,5.000000e-01,1.666667e+01,7.000000e+03,5.666667e+01,2.523537e+06,1.929205e+11
4.000000e+02,5.000000e-01,1.666667e+01,7.000000e+03,6.000000e+01,2.523537e+06,2.000543e+11
4.000000e+02,5.000000e-01,2.333333e+01,3.000000e+03,5.000000e+01,1.802527e+06,1.135552e+11
4.000000e+02,5.000000e-01,2.333333e+01,3.000000e+03,5.333333e+01,1.802527e+06,1.186514e+11
4.000000e+02,5.000000e-01,2.333333e+01,3.000000e+03,5.666667e+01,1.802527e+06,1.237477e+11
4.000000e+02,5.000000e-01,2.333333e+01,3.000000e+03,6.000000e+01,1.802527e+06,1.288440e+11
4.000000e+02,5.000000e-01,2.333333e+01,4.333333e+03,5.000000e+01,1.802527e+06,1.182459e+11
4.000000e+02,5.000000e-01,2.333333e+01,4.333333e+03,5.333333e+01,1.802527e+06,1.233422e+11
4.000000e+02,5.000000e-01,2.333333e+01,4.333333e+03,5.666667e+01,1.802527e+06,1.284385e+11
4.000000e+02,5.000000e-01,2.333333e+01,4.333333e+03,6.000000e+01,1.802527e+06,1.335348e+11
4.000000e+02,5.000000e-01,2.333333e+01,5.666667e+03,5.000000e+01,1.802527e+06,1.229367e+11
4.000000e+02,5.000000e-01,2.333333e+01,5.666667e+03,5.333333e+01,1.802527e+06,1.280330e+11
4.000000e+02,5.000000e-01,2.333333e+01,5.666667e+03,5.666667e+01,1.802527e+06,1.331293e+11
4.000000e+02,5.000000e-01,2.333333e+01,5.666667e+03,6.000000e+01,1.802527e+06,1.382256e+11
4.000000e+02,5.000000e-01,2.333333e+01,7.000000e+03,5.000000e+01,1.802527e+06,1.276275e+11
4.000000e+02,5.000000e-01,2.333333e+01,7.000000e+03,5.333333e+01,1.802527e+06,1.327238e+11
4.000000e+02,5.000000e-01,2.333333e+01,7.000000e+03,5.666667e+01,1.802527e+06,1.378201e+11
4.000000e+02,5.000000e-01,2.333333e+01,7.000000e+03,6.000000e+01,1.802527e+06,1.429164e+11
4.000000e+02,5.000000e-01,3.000000e+01,3.000000e+03,5.000000e+01,1.401965e+06,8.833159e+10
4.000000e+02,5.000000e-01,3.000000e+01,3.000000e+03,5.333333e+01,1.401965e+06,9.229586e+10
4.000000e+02,5.000000e-01,3.000000e+01,3.000000e+03,5.666667e+01,1.401965e+06,9.626013e+10
4.000000e+02,5.000000e-01,3.000000e+01,3.000000e+03,6.000000e+01,1.401965e+06,1.002244e+11
4.000000e+02,5.000000e-01,3.000000e+01,4.333333e+03,5.000000e+01,1.401965e+06,9.198043e+10
4.000000e+02,5.000000e-01,3.000000e+01,4.333333e+03,5.333333e+01,1.401965e+06,9.594469e+10
4.000000e+02,5.000000e-01,3.000000e+01,4.333333e+03,5.666667e+01,1.401965e+06,9.990896e+10
4.000000e+02,5.000000e-01,3.000000e+01,4.333333e+03,6.000000e+01,1.401965e+06,1.038732e+11
4.000000e+02,5.000000e-01,3.000000e+01,5.666667e+03,5.000000e+01,1.401965e+06,9.562926e+10
4.000000e+02,5.000000e-01,3.000000e+01,5.666667e+03,5.333333e+01,1.401965e+06,9.959353e+10
4.000000e+02,5.000000e-01,3.000000e+01,5.666667e+03,5.666667e+01,1.401965e+06,1.035578e+11
4.000000e+02,5.000000e-01,3.000000e+01,5.666667e+03,6.000000e+01,1.401965e+06,1.075221e+11
4.000000e+02,5.000000e-01,3.000000e+01,7.000000e+03,5.000000e+01,1.401965e+06,9.927809e+10
4.000000e+02,5.000000e-01,3.000000e+01,7.000000e+03,5.333333e+01,1.401965e+06,1.032424e+11
4.000000e+02,5.000000e-01,3.000000e+01,7.000000e+03,5.666667e+01,1.401965e+06,1.072066e+11
4.000000e+02,5.000000e-01,3.000000e+01,7.000000e+03,6.000000e+01,1.401965e+06,1.111709e+11
4.000000e+02,2.000000e+00,1.000000e+01,3.000000e+03,5.000000e+01,4.205769e+06,2.648696e+11
4.000000e+02,2.000000e+00,1.000000e+01,3.000000e+03,5.333333e+01,4.205769e+06,2.767568e+11
4.000000e+02,2.000000e+00,1.000000e+01,3.000000e+03,5.666667e+01,4.205769e+06,2.886440e+11
4.000000e+02,2.000000e+00,1.000000e+01,3.000000e+03,6.000000e+01,4.205769e+06,3.005312e+11
4.000000e+02,2.000000e+00,1.000000e+01,4.333333e+03,5.000000e+01,4.205769e+06,2.758109e+11
4.000000e+02,2.000000e+00,1.000000e+01,4.333333e+03,5.333333e+01,4.205769e+06,2.876981e+11
4.000000e+02,2.000000e+00,1.000000e+01,4.333333e+03,5.666667e+01,4.205769e+06,2.995853e+11
4.000000e+02,2.000000e+00,1.000000e+01,4.333333e+03,6.000000e+01,4.205769e+06,3.114725e+11
4.000000e+02,2.000000e+00,1.000000e+01,5.666667e+03,5.000000e+01,4.205769e+06,2.867523e+11
4.000000e+02,2.000000e+00,1.000000e+01,5.666667e+03,5.333333e+01,4.205769e+06,2.986395e+11
4.000000e+02,2.000000e+00,1.000000e+01,5.666667e+03,5.666667e+01,4.205769e+06,3.105266e+11
4.000000e+02,2.000000e+00,1.000000e+01,5.666667e+03,6.000000e+01,4.205769e+06,3.224138e+11
4.000000e+02,2.000000e+00,1.000000e+01,7.000000e+03,5.000000e+01,4.205769e+06,2.976936e+11
4.000000e+02,2.000000e+00,1.000000e+01,7.000000e+03,5.333333e+01,4.205769e+06,3.095808e+11
4.000000e+02,2.000000e+00,1.000000e+01,7.000000e+03,5.666667e+01,4.205769e+06,3.214680e+11
4.000000e+02,2.000000e+00,1.000000e+01,7.000000e+03,6.000000e+01,4.205769e+06,3.333552e+11
4.000000e+02,2.000000e+00,1.666667e+01,3.000000e+03,5.000000e+01,2.523461e+06,1.589497e+11
4.000000e+02,2.000000e+00,1.666667e+01,3.000000e+03,5.333333e+01,2.523461e+06,1.660833e+11
4.000000e+02,2.000000e+00,1.666667e+01,3.000000e+03,5.666667e+01,2.523461e+06,1.732168e+11
4.000000e+02,2.000000e+00,1.666667e+01,3.000000e+03,6.000000e+01,2.523461e+06,1.803504e+11
4.000000e+02,2.000000e+00,1.666667e+01,4.333333e+03,5.000000e+01,2.523461e+06,1.655157e+11
4.000000e+02,2.000000e+00,1.666667e+01,4.333333e+03,5.333333e+01,2.523461e+06,1.726492e+11
4.000000e+02,2.000000e+00,1.666667e+01,4.333333e+03,5.666667e+01,2.523461e+06,1.797828e+11
4.000000e+02,2.000000e+00,1.666667e+01,4.333333e+03,6.000000e+01,2.523461e+06,1.869164e+11
4.000000e+02,2.000000e+00,1.666667e+01,5.666667e+03,5.000000e+01,2.523461e+06,1.720816e+11
4.000000e+02,2.000000e+00,1.666667e+01,5.666667e+03,5.333333e+01,2.523461e+06,1.792152e+11
4.000000e+02,2.000000e+00,1.666667e+01,5.666667e+03,5.666667e+01,2.523461e+06,1.863488e+11
4.000000e+02,2.000000e+00,1.666667e+01,5.666667e+03,6.000000e+01,2.523461e+06,1.934823e+11
4.000000e+02,2.000000e+00,1.666667e+01,7.000000e+03,5.000000e+01,2.523461e+06,1.786476e+11
4.000000e+02,2.000000e+00,1.666667e+01,7.000000e+03,5.333333e+01,2.523461e+06,1.857811e+11
4.000000e+02,2.000000e+00,1.666667e+01,7.000000e+03,5.666667e+01,2.523461e+06,1.929147e+11
4.000000e+02,2.000000e+00,1.666667e+01,7.000000e+03,6.000000e+01,2.523461e+06,2.000483e+11
4.000000e+02,2.000000e+00,2.333333e+01,3.000000e+03,5.000000e+01,1.802472e+06,1.135517e+11
4.000000e+02,2.000000e+00,2.333333e+01,3.000000e+03,5.333333e+01,1.802472e+06,1.186479e+11
4.000000e+02,2.000000e+00,2.333333e+01,3.000000e+03,5.666667e+01,1.802472e+06,1.237440e+11
4.000000e+02,2.000000e+00,2.333333e+01,3.000000e+03,6.000000e+01,1.802472e+06,1.288401e+11
4.000000e+02,2.000000e+00,2.333333e+01,4.333333e+03,5.000000e+01,1.802472e+06,1.182424e+11
4.000000e+02,2.000000e+00,2.333333e+01,4.333333e+03,5.333333e+01,1.802472e+06,1.233385e+11
4.000000e+02,2.000000e+00,2.333333e+01,4.333333e+03,5.666667e+01,1.802472e+06,1.284346e+11
4.000000e+02,2.000000e+00,2.333333e+01,4.333333e+03,6.000000e+01,1.802472e+06,1.335308e+11
4.000000e+02,2.000000e+00,2.333333e+01,5.666667e+03,5.000000e+01,1.802472e+06,1.229330e+11
4.000000e+02,2.000000e+00,2.333333e+01,5.666667e+03,5.333333e+01,1.802472e+06,1.280291e+11
4.000000e+02,2.000000e+00,2.333333e+01,5.666667e+03,5.666667e+01,1.802472e+06,1.331253e+11
4.000000e+02,2.000000e+00,2.333333e+01,5.666667e+03,6.000000e+01,1.802472e+06,1.382214e+11
4.000000e+02,2.000000e+00,2.333333e+01,7.000000e+03,5.000000e+01,1.802472e+06,1.276236e+11
4.000000e+02,2.000000e+00,2.333333e+01,7.000000e+03,5.333333e+01,1.802472e+06,1.327198e+11
4.000000e+02,2.000000e+00,2.333333e+01,7.000000e+03,5.666667e+01,1.802472e+06,1.378159e+11
4.000000e+02,2.000000e+00,2.333333e+01,7.000000e+03,6.000000e+01,1.802472e+06,1.429120e+11
4.000000e+02,2.000000e+00,3.000000e+01,3.000000e+03,5.000000e+01,1.401923e+06,8.832893e+10
4.000000e+02,2.000000e+00,3.000000e+01,3.000000e+03,5.333333e+01,1.401923e+06,9.229308e+10
4.000000e+02,2.000000e+00,3.000000e+01,3.000000e+03,5.666667e+01,1.401923e+06,9.625723e+10
4.000000e+02,2.000000e+00,3.000000e+01,3.000000e+03,6.000000e+01,1.401923e+06,1.002214e+11
4.000000e+02,2.000000e+00,3.000000e+01,4.333333e+03,5.000000e+01,1.401923e+06,9.197765e+10
4.000000e+02,2.000000e+00,3.000000e+01,4.333333e+03,5.333333e+01,1.401923e+06,9.594180e+10
4.000000e+02,2.000000e+00,3.000000e+01,4.333333e+03,5.666667e+01,1.401923e+06,9.990595e+10
4.000000e+02,2.000000e+00,3.000000e+01,4.333333e+03,6.000000e+01,1.401923e+06,1.038701e+11
4.000000e+02,2.000000e+00,3.000000e+01,5.666667e+03,5.000000e+01,1.401923e+06,9.562637e+10
4.000000e+02,2.000000e+00,3.000000e+01,5.666667e+03,5.333333e+01,1.401923e+06,9.959052e+10
4.000000e+02,2.000000e+00,3.000000e+01,5.666667e+03,5.666667e+01,1.401923e+06,1.035547e+11
4.000000e+02,2.000000e+00,3.000000e+01,5.666667e+03,6.000000e+01,1.401923e+06,1.075188e+11
4.000000e+02,2.000000e+00,3.000000e+01,7.000000e+03,5.000000e+01,1.401923e+06,9.927509e+10
4.000000e+02,2.000000e+00,3.000000e+01,7.000000e+03,5.333333e+01,1.401923e+06,1.032392e+11
4.000000e+02,2.000000e+00,3.000000e+01,7.000000e+03,5.666667e+01,1.401923e+06,1.072034e+11
4.000000e+02,2.000000e+00,3.000000e+01,7.000000e+03,6.000000e+01,1.401923e+06,1.111675e+11
4.000000e+02,3.500000e+00,1.000000e+01,3.000000e+03,5.000000e+01,nan,nan
4.000000e+02,3.500000e+00,1.000000e+01,3.000000e+03,5.333333e+01,4.205641e+06,2.767484e+11
4.000000e+02,3.500000e+00,1.000000e+01,3.000000e+03,5.666667e+01,4.205641e+06,2.886353e+11
4.000000e+02,3.500000e+00,1.000000e+01,3.000000e+03,6.000000e+01,4.205641e+06,3.005221e+11
4.000000e+02,3.500000e+00,1.000000e+01,4.333333e+03,5.000000e+01,4.205641e+06,2.758026e+11
4.000000e+02,3.500000e+00,1.000000e+01,4.333333e+03,5.333333e+01,4.205641e+06,2.876894e+11
4.000000e+02,3.500000e+00,1.000000e+01,4.333333e+03,5.666667e+01,4.205641e+06,2.995763e+11
4.000000e+02,3.500000e+00,1.000000e+01,4.333333e+03,6.000000e+01,4.205641e+06,3.114631e+11
4.000000e+02,3.500000e+00,1.000000e+01,5.666667e+03,5.000000e+01,4.205641e+06,2.867436e+11
4.000000e+02,3.500000e+00,1.000000e+01,5.666667e+03,5.333333e+01,4.205641e+06,2.986304e+11
4.000000e+02,3.500000e+00,1.000000e+01,5.666667e+03,5.666667e+01,4.205641e+06,3.105173e+11
4.000000e+02,3.500000e+00,1.000000e+01,5.666667e+03,6.000000e+01,4.205641e+06,3.224041e+11
4.000000e+02,3.500000e+00,1.000000e+01,7.000000e+03,5.000000e+01,4.205641e+06,2.976846e+11
4.000000e+02,3.500000e+00,1.000000e+01,7.000000e+03,5.333333e+01,4.205641e+06,3.095714e+11
4.000000e+02,3.500000e+00,1.000000e+01,7.000000e+03,5.666667e+01,4.205641e+06,3.214583e+11
4.000000e+02,3.500000e+00,1.000000e+01,7.000000e+03,6.000000e+01,4.205641e+06,3.333451e+11
4.000000e+02,3.500000e+00,1.666667e+01,3.000000e+03,5.000000e+01,2.523385e+06,1.589449e+11
4.000000e+02,3.500000e+00,1.666667e+01,3.000000e+03,5.333333e+01,2.523385e+06,1.660783e+11
4.000000e+02,3.500000e+00,1.666667e+01,3.000000e+03,5.666667e+01,2.523385e+06,1.732116e+11
4.000000e+02,3.500000e+00,1.666667e+01,3.000000e+03,6.000000e+01,2.523385e+06,1.803450e+11
4.000000e+02,3.500000e+00,1.666667e+01,4.333333e+03,5.000000e+01,2.523385e+06,1.655107e+11
4.000000e+02,3.500000e+00,1.666667e+01,4.333333e+03,5.333333e+01,2.523385e+06,1.726440e+11
4.000000e+02,3.500000e+00,1.666667e+01,4.333333e+03,5.666667e+01,2.523385e+06,1.797774e+11
4.000000e+02,3.500000e+00,1.666667e+01,4.333333e+03,6.000000e+01,2.523385e+06,1.869107e+11
4.000000e+02,3.500000e+00,1.666667e+01,5.666667e+03,5.000000e+01,2.523385e+06,1.720764e+11
4.000000e+02,3.500000e+00,1.666667e+01,5.666667e+03,5.333333e+01,2.523385e+06,1.792098e+11
4.000000e+02,3.500000e+00,1.666667e+01,5.666667e+03,5.666667e+01,2.523385e+06,1.863431e+11
4.000000e+02,3.500000e+00,1.666667e+01,5.666667e+03,6.000000e+01,2.523385e+06,1.934765e+11
4.000000e+02,3.500000e+00,1.666667e+01,7.000000e+03,5.000000e+01,2.523385e+06,1.786422e+11
4.000000e+02,3.500000e+00,1.666667e+01,7.000000e+03,5.333333e+01,2.523385e+06,1.857755e+11
4.000000e+02,3.500000e+00,1.666667e+01,7.000000e+03,5.666667e+01,2.523385e+06,1.929089e+11
4.000000e+02,3.500000e+00,1.666667e+01,7.000000e+03,6.000000e+01,2.523385e+06,2.000422e+11
4.000000e+02,3.500000e+00,2.333333e+01,3.000000e+03,5.000000e+01,1.802418e+06,1.135483e+11
4.000000e+02,3.500000e+00,2.333333e+01,3.000000e+03,5.333333e+01,1.802418e+06,1.186443e+11
4.000000e+02,3.500000e+00,2.333333e+01,3.000000e+03,5.666667e+01,1.802418e+06,1.237403e+11
4.000000e+02,3.500000e+00,2.333333e+01,3.000000e+03,6.000000e+01,1.802418e+06,1.288362e+11
4.000000e+02,3.500000e+00,2.333333e+01,4.333333e+03,5.000000e+01,1.802418e+06,1.182388e+11
4.000000e+02,3.500000e+00,2.333333e+01,4.333333e+03,5.333333e+01,1.802418e+06,1.233348e+11
4.000000e+02,3.500000e+00,2.333333e+01,4.333333e+03,5.666667e+01,1.802418e+06,1.284308e+11
4.000000e+02,3.500000e+00,2.333333e+01,4.333333e+03,6.000000e+01,1.802418e+06,1.335267e+11
4.000000e+02,3.500000e+00,2.333333e+01,5.666667e+03,5.000000e+01,1.802418e+06,1.229293e+11
4.000000e+02,3.500000e+00,2.333333e+01,5.666667e+03,5.333333e+01,1.802418e+06,1.280253e+11
4.000000e+02,3.500000e+00,2.333333e+01,5.666667e+03,5.666667e+01,1.802418e+06,1.331213e+11
4.000000e+02,3.500000e+00,2.333333e+01,5.666667e+03,6.000000e+01,1.802418e+06,1.382172e+11
4.000000e+02,3.500000e+00,2.333333e+01,7.000000e+03,5.000000e+01,1.802418e+06,1.276198e+11
4.000000e+02,3.500000e+00,2.333333e+01,7.000000e+03,5.333333e+01,1.802418e+06,1.327158e+11
4.000000e+02,3.500000e+00,2.333333e+01,7.000000e+03,5.666667e+01,1.802418e+06,1.378117e+11
4.000000e+02,3.500000e+00,2.333333e+01,7.000000e+03,6.000000e+01,1.802418e+06,1.429077e+11
4.000000e+02,3.500000e+00,3.000000e+01,3.000000e+03,5.000000e+01,1.401880e+06,8.832626e+10
4.000000e+02,3.500000e+00,3.000000e+01,3.000000e+03,5.333333e+01,1.401880e+06,9.229029e+10
4.000000e+02,3.500000e+00,3.000000e+01,3.000000e+03,5.666667e+01,1.401880e+06,9.625432e+10
4.000000e+02,3.500000e+00,3.000000e+01,3.000000e+03,6.000000e+01,1.401880e+06,1.002183e+11
4.000000e+02,3.500000e+00,3.000000e+01,4.333333e+03,5.000000e+01,1.401880e+06,9.197487e+10
4.000000e+02,3.500000e+00,3.000000e+01,4.333333e+03,5.333333e+01,1.401880e+06,9.593890e+10
4.000000e+02,3.500000e+00,3.000000e+01,4.333333e+03,5.666667e+01,1.401880e+06,9.990293e+10
4.000000e+02,3.500000e+00,3.000000e+01,4.333333e+03,6.000000e+01,1.401880e+06,1.038670e+11
4.000000e+02,3.500000e+00,3.000000e+01,5.666667e+03,5.000000e+01,1.401880e+06,9.562348e+10
4.000000e+02,3.500000e+00,3.000000e+01,5.666667e+03,5.333333e+01,1.401880e+06,9.958751e+10
4.000000e+02,3.500000e+00,3.000000e+01,5.666667e+03,5.666667e+01,1.401880e+06,1.035515e+11
4.000000e+02,3.500000e+00,3.000000e+01,5.666667e+03,6.000000e+01,1.401880e+06,1.075156e+11
4.000000e+02,3.500000e+00,3.000000e+01,7.000000e+03,5.000000e+01,1.401880e+06,9.927210e+10
4.000000e+02,3.500000e+00,3.000000e+01,7.000000e+03,5.333333e+01,1.401880e+06,1.032361e+11
4.000000e+02,3.500000e+00,3.000000e+01,7.000000e+03,5.666667e+01,1.401880e+06,1.072002e+11
4.000000e+02,3.500000e+00,3.000000e+01,7.000000e+03,6.000000e+01,1.401880e+06,1.111642e+11
4.000000e+02,5.000000e+00,1.000000e+01,3.000000e+03,5.000000e+01,4.205514e+06,2.648536e+11
4.000000e+02,5.000000e+00,1.000000e+01,3.000000e+03,5.333333e+01,4.205514e+06,2.767401e+11
4.000000e+02,5.000000e+00,1.000000e+01,3.000000e+03,5.666667e+01,4.205514e+06,2.886266e+11
4.000000e+02,5.000000e+00,1.000000e+01,3.000000e+03,6.000000e+01,4.205514e+06,3.005130e+11
4.000000e+02,5.000000e+00,1.000000e+01,4.333333e+03,5.000000e+01,4.205514e+06,2.757943e+11
4.000000e+02,5.000000e+00,1.000000e+01,4.333333e+03,5.333333e+01,4.205514e+06,2.876808e+11
4.000000e+02,5.000000e+00,1.000000e+01,4.333333e+03,5.666667e+01,4.205514e+06,2.995672e+11
4.000000e+02,5.000000e+00,1.000000e+01,4.333333e+03,6.000000e+01,4.205514e+06,3.114537e+11
4.000000e+02,5.000000e+00,1.000000e+01,5.666667e+03,5.000000e+01,4.205514e+06,2.867350e+11
4.000000e+02,5.000000e+00,1.000000e+01,5.666667e+03,5.333333e+01,4.205514e+06,2.986214e+11
4.000000e+02,5.000000e+00,1.000000e+01,5.666667e+03,5.666667e+01,4.205514e+06,3.105079e+11
4.000000e+02,5.000000e+00,1.000000e+01,5.666667e+03,6.000000e+01,4.205514e+06,3.223944e+11
4.000000e+02,5.000000e+00,1.000000e+01,7.000000e+03,5.000000e+01,4.205514e+06,2.976756e+11
4.000000e+02,5.000000e+00,1.000000e+01,7.000000e+03,5.333333e+01,4.205514e+06,3.095621e+11
4.000000e+02,5.000000e+00,1.000000e+01,7.000000e+03,5.666667e+01,4.205514e+06,3.214486e+11
4.000000e+02,5.000000e+00,1.000000e+01,7.000000e+03,6.000000e+01,4.205514e+06,3.333350e+11
4.000000e+02,5.000000e+00,1.666667e+01,3.000000e+03,5.000000e+01,2.523309e+06,1.589401e+11
4.000000e+02,5.000000e+00,1.666667e+01,3.000000e+03,5.333333e+01,2.523309e+06,1.660733e+11
4.000000e+02,5.000000e+00,1.666667e+01,3.000000e+03,5.666667e+01,2.523309e+06,1.732064e+11
4.000000e+02,5.000000e+00,1.666667e+01,3.000000e+03,6.000000e+01,2.523309e+06,1.803395e+11
4.000000e+02,5.000000e+00,1.666667e+01,4.333333e+03,5.000000e+01,nan,nan
4.000000e+02,5.000000e+00,1.666667e+01,4.333333e+03,5.333333e+01,2.523309e+06,1.726388e+11
4.000000e+02,5.000000e+00,1.666667e+01,4.333333e+03,5.666667e+01,2.523309e+06,1.797719e+11
4.000000e+02,5.000000e+00,1.666667e+01,4.333333e+03,6.000000e+01,2.523309e+06,1.869051e+11
4.000000e+02,5.000000e+00,1.666667e+01,5.666667e+03,5.000000e+01,nan,nan
4.000000e+02,5.000000e+00,1.666667e+01,5.666667e+03,5.333333e+01,2.523309e+06,1.792044e+11
4.000000e+02,5.000000e+00,1.666667e+01,5.666667e+03,5.666667e+01,2.523309e+06,1.863375e+11
4.000000e+02,5.000000e+00,1.666667e+01,5.666667e+03,6.000000e+01,2.523309e+06,1.934706e+11
4.000000e+02,5.000000e+00,1.666667e+01,7.000000e+03,5.000000e+01,2.523309e+06,1.786368e+11
4.000000e+02,5.000000e+00,1.666667e+01,7.000000e+03,5.333333e+01,2.523309e+06,1.857699e+11
4.000000e+02,5.000000e+00,1.666667e+01,7.000000e+03,5.666667e+01,2.523309e+06,1.929031e+11
4.000000e+02,5.000000e+00,1.666667e+01,7.000000e+03,6.000000e+01,2.523309e+06,2.000362e+11
4.000000e+02,5.000000e+00,2.333333e+01,3.000000e+03,5.000000e+01,1.802363e+06,1.135449e+11
4.000000e+02,5.000000e+00,2.333333e+01,3.000000e+03,5.333333e+01,1.802363e+06,1.186407e+11
4.000000e+02,5.000000e+00,2.333333e+01,3.000000e+03,5.666667e+01,1.802363e+06,1.237365e+11
4.000000e+02,5.000000e+00,2.333333e+01,3.000000e+03,6.000000e+01,1.802363e+06,1.288324e+11
4.000000e+02,5.000000e+00,2.333333e+01,4.333333e+03,5.000000e+01,1.802363e+06,1.182352e+11
4.000000e+02,5.000000e+00,2.333333e+01,4.333333e+03,5.333333e+01,1.802363e+06,1.233311e+11
4.000000e+02,5.000000e+00,2.333333e+01,4.333333e+03,5.666667e+01,1.802363e+06,1.284269e+11
4.000000e+02,5.000000e+00,2.333333e+01,4.333333e+03,6.000000e+01,1.802363e+06,1.335227e+11
4.000000e+02,5.000000e+00,2.333333e+01,5.666667e+03,5.000000e+01,1.802363e+06,1.229256e+11
4.000000e+02,5.000000e+00,2.333333e+01,5.666667e+03,5.333333e+01,1.802363e+06,1.280214e+11
4.000000e+02,5.000000e+00,2.333333e+01,5.666667e+03,5.666667e+01,1.802363e+06,1.331172e+11
4.000000e+02,5.000000e+00,2.333333e+01,5.666667e+03,6.000000e+01,1.802363e+06,1.382131e+11
4.000000e+02,5.000000e+00,2.333333e+01,7.000000e+03,5.000000e+01,1.802363e+06,1.276159e+11
4.000000e+02,5.000000e+00,2.333333e+01,7.000000e+03,5.333333e+01,1.802363e+06,1.327118e+11
4.000000e+02,5.000000e+00,2.333333e+01,7.000000e+03,5.666667e+01,1.802363e+06,1.378076e+11
4.000000e+02,5.000000e+00,2.333333e+01,7.000000e+03,6.000000e+01,1.802363e+06,1.429034e+11
4.000000e+02,5.000000e+00,3.000000e+01,3.000000e+03,5.000000e+01,1.401838e+06,8.832359e+10
4.000000e+02,5.000000e+00,3.000000e+01,3.000000e+03,5.333333e+01,1.401838e+06,9.228750e+10
4.000000e+02,5.000000e+00,3.000000e+01,3.000000e+03,5.666667e+01,1.401838e+06,9.625141e+10
4.000000e+02,5.000000e+00,3.000000e+01,3.000000e+03,6.000000e+01,1.401838e+06,1.002153e+11
4.000000e+02,5.000000e+00,3.000000e+01,4.333333e+03,5.000000e+01,1.401838e+06,9.197210e+10
4.000000e+02,5.000000e+00,3.000000e+01,4.333333e+03,5.333333e+01,1.401838e+06,9.593601e+10
4.000000e+02,5.000000e+00,3.000000e+01,4.333333e+03,5.666667e+01,1.401838e+06,9.989992e+10
4.000000e+02,5.000000e+00,3.000000e+01,4.333333e+03,6.000000e+01,1.401838e+06,1.038638e+11
4.000000e+02,5.000000e+00,3.000000e+01,5.666667e+03,5.000000e+01,1.401838e+06,9.562060e+10
4.000000e+02,5.000000e+00,3.000000e+01,5.666667e+03,5.333333e+01,1.401838e+06,9.958451e+10
4.000000e+02,5.000000e+00,3.000000e+01,5.666667e+03,5.666667e+01,1.401838e+06,1.035484e+11
4.000000e+02,5.000000e+00,3.000000e+01,5.666667e+03,6.000000e+01,1.401838e+06,1.075123e+11
4.000000e+02,5.000000e+00,3.000000e+01,7.000000e+03,5.000000e+01,1.401838e+06,9.926910e+10
4.000000e+02,5.000000e+00,3.000000e+01,7.000000e+03,5.333333e+01,1.401838e+06,1.032330e+11
4.000000e+02,5.000000e+00,3.000000e+01,7.000000e+03,5.666667e+01,1.401838e+06,1.071969e+11
4.000000e+02,5.000000e+00,3.000000e+01,7.000000e+03,6.000000e+01,1.401838e+06,1.111608e+11
